"../../../Engine/Plugins/Animation/ACLPlugin/Content/ACLAnimCurveCompressionSettings.uasset" 0
"../../../Engine/Plugins/Animation/ACLPlugin/Content/ACLAnimCurveCompressionSettings.uexp" 1
"../../../Engine/Plugins/Animation/ACLPlugin/Content/ACLAnimBoneCompressionSettings.uasset" 2
"../../../Engine/Plugins/Animation/ACLPlugin/Content/ACLAnimBoneCompressionSettings.uexp" 3
"../../../Engine/Plugins/2D/Paper2D/Content/PlaceholderTextures/DummySpriteTexture.ubulk" 4
"../../../Engine/Plugins/2D/Paper2D/Content/PlaceholderTextures/DummySpriteTexture.uasset" 5
"../../../Engine/Plugins/2D/Paper2D/Content/PlaceholderTextures/DummySpriteTexture.uexp" 6
"../../../Engine/Plugins/2D/Paper2D/Content/DummySprite.uasset" 7
"../../../Engine/Plugins/2D/Paper2D/Content/DummySprite.uexp" 8
"../../../Engine/Plugins/2D/Paper2D/Content/DefaultPaperTerrainMaterial.uasset" 9
"../../../Engine/Plugins/2D/Paper2D/Content/DefaultPaperTerrainMaterial.uexp" 10
"../../../Engine/Content/Animation/DefaultVariableFrameStrippingSettings.uasset" 11
"../../../Engine/Content/Animation/DefaultVariableFrameStrippingSettings.uexp" 12
"../../../Engine/Content/Animation/DefaultRecorderBoneCompression.uasset" 13
"../../../Engine/Content/Animation/DefaultRecorderBoneCompression.uexp" 14
"../../../Engine/Content/EngineSounds/Master.uasset" 15
"../../../Engine/Content/EngineSounds/Master.uexp" 16
"../../../Engine/Content/EngineMaterials/DefaultPhysicalMaterial.uasset" 17
"../../../Engine/Content/EngineMaterials/DefaultPhysicalMaterial.uexp" 18
"../../../Engine/Content/EngineMaterials/DefaultDestructiblePhysicalMaterial.uasset" 19
"../../../Engine/Content/EngineMaterials/DefaultDestructiblePhysicalMaterial.uexp" 20
"../../../Engine/Content/EngineFonts/Faces/DroidSansFallback.uexp" 21
"../../../Engine/Content/EngineFonts/Faces/DroidSansFallback.uasset" 22
"../../../Engine/Content/EngineFonts/Faces/DroidSansFallback.ufont" 23
"../../../Engine/Content/EngineFonts/Faces/RobotoRegular.uexp" 24
"../../../Engine/Content/EngineFonts/Faces/RobotoRegular.uasset" 25
"../../../Engine/Content/EngineFonts/Faces/RobotoRegular.ufont" 26
"../../../Engine/Content/EngineFonts/Faces/RobotoLight.uexp" 27
"../../../Engine/Content/EngineFonts/Faces/RobotoLight.uasset" 28
"../../../Engine/Content/EngineFonts/Faces/RobotoLight.ufont" 29
"../../../Engine/Content/EngineFonts/Faces/RobotoItalic.uexp" 30
"../../../Engine/Content/EngineFonts/Faces/RobotoItalic.uasset" 31
"../../../Engine/Content/EngineFonts/Faces/RobotoItalic.ufont" 32
"../../../Engine/Content/EngineFonts/Faces/RobotoBoldItalic.uexp" 33
"../../../Engine/Content/EngineFonts/Faces/RobotoBoldItalic.uasset" 34
"../../../Engine/Content/EngineFonts/Faces/RobotoBoldItalic.ufont" 35
"../../../Engine/Content/EngineFonts/Faces/RobotoBold.uexp" 36
"../../../Engine/Content/EngineFonts/Faces/RobotoBold.uasset" 37
"../../../Engine/Content/EngineFonts/Faces/RobotoBold.ufont" 38
"../../../Engine/Content/EngineFonts/Roboto.uasset" 39
"../../../Engine/Content/EngineFonts/Roboto.uexp" 40
"../../../Engine/Content/EngineFonts/Faces/DroidSansMono.uexp" 41
"../../../Engine/Content/EngineFonts/Faces/DroidSansMono.uasset" 42
"../../../Engine/Content/EngineFonts/Faces/DroidSansMono.ufont" 43
"../../../Engine/Content/EngineFonts/DroidSansMono.uasset" 44
"../../../Engine/Content/EngineFonts/DroidSansMono.uexp" 45
"../../../Engine/Plugins/Interchange/Runtime/Content/Pipelines/DefaultTexturePipeline.uasset" 46
"../../../Engine/Plugins/Interchange/Runtime/Content/Pipelines/DefaultTexturePipeline.uexp" 47
"../../../Engine/Plugins/Interchange/Runtime/Content/Pipelines/DefaultSceneLevelPipeline.uasset" 48
"../../../Engine/Plugins/Interchange/Runtime/Content/Pipelines/DefaultSceneLevelPipeline.uexp" 49
"../../../Engine/Plugins/Interchange/Runtime/Content/Pipelines/DefaultSceneAssetsPipeline.uasset" 50
"../../../Engine/Plugins/Interchange/Runtime/Content/Pipelines/DefaultSceneAssetsPipeline.uexp" 51
"../../../Engine/Plugins/Interchange/Runtime/Content/Pipelines/DefaultMaterialXPipeline.uasset" 52
"../../../Engine/Plugins/Interchange/Runtime/Content/Pipelines/DefaultMaterialXPipeline.uexp" 53
"../../../Engine/Plugins/Interchange/Runtime/Content/Pipelines/DefaultMaterialPipeline.uasset" 54
"../../../Engine/Plugins/Interchange/Runtime/Content/Pipelines/DefaultMaterialPipeline.uexp" 55
"../../../Engine/Plugins/Interchange/Runtime/Content/Pipelines/DefaultGLTFSceneAssetsPipeline.uasset" 56
"../../../Engine/Plugins/Interchange/Runtime/Content/Pipelines/DefaultGLTFSceneAssetsPipeline.uexp" 57
"../../../Engine/Plugins/Interchange/Runtime/Content/Pipelines/DefaultGLTFPipeline.uasset" 58
"../../../Engine/Plugins/Interchange/Runtime/Content/Pipelines/DefaultGLTFPipeline.uexp" 59
"../../../Engine/Plugins/Interchange/Runtime/Content/Pipelines/DefaultGLTFAssetsPipeline.uasset" 60
"../../../Engine/Plugins/Interchange/Runtime/Content/Pipelines/DefaultGLTFAssetsPipeline.uexp" 61
"../../../Engine/Plugins/Interchange/Runtime/Content/Pipelines/DefaultAssetsPipeline.uasset" 62
"../../../Engine/Plugins/Interchange/Runtime/Content/Pipelines/DefaultAssetsPipeline.uexp" 63
"../../../Engine/Plugins/Animation/ControlRig/Content/Controls/DefaultGizmoLibraryNormalized.uasset" 64
"../../../Engine/Plugins/Animation/ControlRig/Content/Controls/DefaultGizmoLibraryNormalized.uexp" 65
"../../../Engine/Content/MobileResources/HUD/VirtualJoystick_Thumb.uasset" 66
"../../../Engine/Content/MobileResources/HUD/VirtualJoystick_Thumb.uexp" 67
"../../../Engine/Content/MobileResources/HUD/VirtualJoystick_Background.uasset" 68
"../../../Engine/Content/MobileResources/HUD/VirtualJoystick_Background.uexp" 69
"../../../Engine/Content/MobileResources/HUD/DefaultVirtualJoysticks.uasset" 70
"../../../Engine/Content/MobileResources/HUD/DefaultVirtualJoysticks.uexp" 71
"../../../Engine/Content/EngineResources/GradientTexture0.uasset" 72
"../../../Engine/Content/EngineResources/GradientTexture0.uexp" 73
"../../../Engine/Content/EngineResources/Black.uasset" 74
"../../../Engine/Content/EngineResources/Black.uexp" 75
"../../../Engine/Content/EditorResources/S_Actor.ubulk" 76
"../../../Engine/Content/EditorResources/S_Actor.uasset" 77
"../../../Engine/Content/EditorResources/S_Actor.uexp" 78
"../../../Engine/Content/EditorResources/S_Trigger.ubulk" 79
"../../../Engine/Content/EditorResources/S_Trigger.uasset" 80
"../../../Engine/Content/EditorResources/S_Trigger.uexp" 81
"../../../Engine/Content/EditorResources/S_BoxReflectionCapture.uasset" 82
"../../../Engine/Content/EditorResources/S_BoxReflectionCapture.uexp" 83
"../../../Engine/Content/EngineResources/DefaultTexture.ubulk" 84
"../../../Engine/Content/EngineResources/DefaultTexture.uasset" 85
"../../../Engine/Content/EngineResources/DefaultTexture.uexp" 86
"../../../Engine/Content/EditorResources/S_TriggerBox.uasset" 87
"../../../Engine/Content/EditorResources/S_TriggerBox.uexp" 88
"../../../Engine/Content/EditorResources/S_TriggerCapsule.uasset" 89
"../../../Engine/Content/EditorResources/S_TriggerCapsule.uexp" 90
"../../../Engine/Content/EditorResources/S_TriggerSphere.uasset" 91
"../../../Engine/Content/EditorResources/S_TriggerSphere.uexp" 92
"../../../Engine/Content/EngineMeshes/Sphere.ubulk" 93
"../../../Engine/Content/EngineMeshes/Sphere.uasset" 94
"../../../Engine/Content/EngineMeshes/Sphere.uexp" 95
"../../../Engine/Content/EngineResources/DefaultTextureCube.uasset" 96
"../../../Engine/Content/EngineResources/DefaultTextureCube.uexp" 97
"../../../Engine/Content/EngineResources/DefaultVolumeTexture2D.uasset" 98
"../../../Engine/Content/EngineResources/DefaultVolumeTexture2D.uexp" 99
"../../../Engine/Content/EngineResources/DefaultVolumeTexture.uasset" 100
"../../../Engine/Content/EngineResources/DefaultVolumeTexture.uexp" 101
"../../../Engine/Plugins/2D/Paper2D/Content/DefaultSpriteMaterial.uasset" 102
"../../../Engine/Plugins/2D/Paper2D/Content/DefaultSpriteMaterial.uexp" 103
"../../../Engine/Plugins/2D/Paper2D/Content/OpaqueUnlitSpriteMaterial.uasset" 104
"../../../Engine/Plugins/2D/Paper2D/Content/OpaqueUnlitSpriteMaterial.uexp" 105
"../../../Engine/Plugins/2D/Paper2D/Content/MaskedUnlitSpriteMaterial.uasset" 106
"../../../Engine/Plugins/2D/Paper2D/Content/MaskedUnlitSpriteMaterial.uexp" 107
"../../../Engine/Plugins/Runtime/WebBrowserWidget/Content/WebTexture_T.uasset" 108
"../../../Engine/Plugins/Runtime/WebBrowserWidget/Content/WebTexture_T.uexp" 109
"../../../Engine/Plugins/Runtime/WebBrowserWidget/Content/WebTexture_TM.uasset" 110
"../../../Engine/Plugins/Runtime/WebBrowserWidget/Content/WebTexture_TM.uexp" 111
"../../../Engine/Plugins/Runtime/WebBrowserWidget/Content/WebTexture_M.uasset" 112
"../../../Engine/Plugins/Runtime/WebBrowserWidget/Content/WebTexture_M.uexp" 113
"../../../Engine/Plugins/NNE/NNEDenoiser/Content/NNE_oidn2-3-0_rt_hdr_calb_cnrm_large__dyn__fp16_opset11_ForwardAlpha.uasset" 114
"../../../Engine/Plugins/NNE/NNEDenoiser/Content/NNE_oidn2-3-0_rt_hdr_calb_cnrm_large__dyn__fp16_opset11_ForwardAlpha.uexp" 115
"../../../Engine/Plugins/NNE/NNEDenoiser/Content/NNE_oidn2-3-0_rt_hdr_calb_cnrm_large__dyn__fp16_opset11_DenoiseAlpha.uasset" 116
"../../../Engine/Plugins/NNE/NNEDenoiser/Content/NNE_oidn2-3-0_rt_hdr_calb_cnrm_large__dyn__fp16_opset11_DenoiseAlpha.uexp" 117
"../../../Engine/Plugins/NNE/NNEDenoiser/Content/NNE_oidn2-3-0_rt_hdr_alb_nrm__dyn__fp16_opset11_ForwardAlpha.uasset" 118
"../../../Engine/Plugins/NNE/NNEDenoiser/Content/NNE_oidn2-3-0_rt_hdr_alb_nrm__dyn__fp16_opset11_ForwardAlpha.uexp" 119
"../../../Engine/Plugins/NNE/NNEDenoiser/Content/NNE_oidn2-3-0_rt_hdr_alb_nrm__dyn__fp16_opset11_DenoiseAlpha.uasset" 120
"../../../Engine/Plugins/NNE/NNEDenoiser/Content/NNE_oidn2-3-0_rt_hdr_alb_nrm__dyn__fp16_opset11_DenoiseAlpha.uexp" 121
"../../../Engine/Plugins/NNE/NNEDenoiser/Content/NNE_oidn2-3-0_rt_hdr_alb_nrm_small__dyn__fp16_opset11_ForwardAlpha.uasset" 122
"../../../Engine/Plugins/NNE/NNEDenoiser/Content/NNE_oidn2-3-0_rt_hdr_alb_nrm_small__dyn__fp16_opset11_ForwardAlpha.uexp" 123
"../../../Engine/Plugins/NNE/NNEDenoiser/Content/NNE_oidn2-3-0_rt_hdr_alb_nrm_small__dyn__fp16_opset11_DenoiseAlpha.uasset" 124
"../../../Engine/Plugins/NNE/NNEDenoiser/Content/NNE_oidn2-3-0_rt_hdr_alb_nrm_small__dyn__fp16_opset11_DenoiseAlpha.uexp" 125
"../../../Engine/Plugins/NNE/NNEDenoiser/Content/NNEDTOM_Output_Default.uasset" 126
"../../../Engine/Plugins/NNE/NNEDenoiser/Content/NNEDTOM_Output_Default.uexp" 127
"../../../Engine/Plugins/NNE/NNEDenoiser/Content/NNEDTOM_Output_Alpha.uasset" 128
"../../../Engine/Plugins/NNE/NNEDenoiser/Content/NNEDTOM_Output_Alpha.uexp" 129
"../../../Engine/Plugins/NNE/NNEDenoiser/Content/NNEDTIM_ColorAlbedoNormal_Default.uasset" 130
"../../../Engine/Plugins/NNE/NNEDenoiser/Content/NNEDTIM_ColorAlbedoNormal_Default.uexp" 131
"../../../Engine/Plugins/NNE/NNEDenoiser/Content/NNEDTIM_ColorAlbedoNormal_Alpha.uasset" 132
"../../../Engine/Plugins/NNE/NNEDenoiser/Content/NNEDTIM_ColorAlbedoNormal_Alpha.uexp" 133
"../../../Engine/Plugins/NNE/NNEDenoiser/Content/NNEDOM_Output_Default.uasset" 134
"../../../Engine/Plugins/NNE/NNEDenoiser/Content/NNEDOM_Output_Default.uexp" 135
"../../../Engine/Plugins/NNE/NNEDenoiser/Content/NNEDOM_Output_Alpha.uasset" 136
"../../../Engine/Plugins/NNE/NNEDenoiser/Content/NNEDOM_Output_Alpha.uexp" 137
"../../../Engine/Plugins/NNE/NNEDenoiser/Content/NNEDIM_HighQuality_Default.uasset" 138
"../../../Engine/Plugins/NNE/NNEDenoiser/Content/NNEDIM_HighQuality_Default.uexp" 139
"../../../Engine/Plugins/NNE/NNEDenoiser/Content/NNEDIM_HighQuality_Alpha.uasset" 140
"../../../Engine/Plugins/NNE/NNEDenoiser/Content/NNEDIM_HighQuality_Alpha.uexp" 141
"../../../Engine/Plugins/NNE/NNEDenoiser/Content/NNEDIM_ColorAlbedoNormal_Default.uasset" 142
"../../../Engine/Plugins/NNE/NNEDenoiser/Content/NNEDIM_ColorAlbedoNormal_Default.uexp" 143
"../../../Engine/Plugins/NNE/NNEDenoiser/Content/NNEDIM_ColorAlbedoNormal_Alpha.uasset" 144
"../../../Engine/Plugins/NNE/NNEDenoiser/Content/NNEDIM_ColorAlbedoNormal_Alpha.uexp" 145
"../../../Engine/Content/EngineMaterials/T_Default_Material_Grid_M.ubulk" 146
"../../../Engine/Content/EngineMaterials/T_Default_Material_Grid_M.uasset" 147
"../../../Engine/Content/EngineMaterials/T_Default_Material_Grid_M.uexp" 148
"../../../Engine/Content/Functions/Engine_MaterialFunctions01/Opacity/CameraDepthFade.uasset" 149
"../../../Engine/Content/Functions/Engine_MaterialFunctions01/Opacity/CameraDepthFade.uexp" 150
"../../../Engine/Content/EngineMaterials/T_Default_Material_Grid_N.ubulk" 151
"../../../Engine/Content/EngineMaterials/T_Default_Material_Grid_N.uasset" 152
"../../../Engine/Content/EngineMaterials/T_Default_Material_Grid_N.uexp" 153
"../../../Engine/Content/EngineMaterials/WorldGridMaterial.uasset" 154
"../../../Engine/Content/EngineMaterials/WorldGridMaterial.uexp" 155
"../../../Engine/Plugins/Media/MediaPlate/Content/SM_MediaPlateScreen.ubulk" 156
"../../../Engine/Plugins/Media/MediaPlate/Content/SM_MediaPlateScreen.uasset" 157
"../../../Engine/Plugins/Media/MediaPlate/Content/SM_MediaPlateScreen.uexp" 158
"../../../Engine/Content/Functions/Engine_MaterialFunctions02/WorldPositionOffset/CameraOffset.uasset" 159
"../../../Engine/Content/Functions/Engine_MaterialFunctions02/WorldPositionOffset/CameraOffset.uexp" 160
"../../../Engine/Plugins/Animation/ControlRig/Content/M_Manip.uasset" 161
"../../../Engine/Plugins/Animation/ControlRig/Content/M_Manip.uexp" 162
"../../../Engine/Content/EngineMaterials/DefaultMaterial.uasset" 163
"../../../Engine/Content/EngineMaterials/DefaultMaterial.uexp" 164
"../../../Engine/Content/BasicShapes/Sphere.ubulk" 165
"../../../Engine/Content/BasicShapes/Sphere.uasset" 166
"../../../Engine/Content/BasicShapes/Sphere.uexp" 167
"../../../Engine/Content/BasicShapes/Plane.ubulk" 168
"../../../Engine/Content/BasicShapes/Plane.uasset" 169
"../../../Engine/Content/BasicShapes/Plane.uexp" 170
"../../../Engine/Content/BasicShapes/Cylinder.ubulk" 171
"../../../Engine/Content/BasicShapes/Cylinder.uasset" 172
"../../../Engine/Content/BasicShapes/Cylinder.uexp" 173
"../../../Engine/Content/BasicShapes/Cube.ubulk" 174
"../../../Engine/Content/BasicShapes/Cube.uasset" 175
"../../../Engine/Content/BasicShapes/Cube.uexp" 176
"../../../Engine/Content/BasicShapes/Cone.ubulk" 177
"../../../Engine/Content/BasicShapes/Cone.uasset" 178
"../../../Engine/Content/BasicShapes/Cone.uexp" 179
"../../../Engine/Content/BasicShapes/BasicShapeMaterial.uasset" 180
"../../../Engine/Content/BasicShapes/BasicShapeMaterial.uexp" 181
"../../../Engine/Content/EditorMaterials/PreviewShadowIndicator.ubulk" 182
"../../../Engine/Content/EditorMaterials/PreviewShadowIndicator.uasset" 183
"../../../Engine/Content/EditorMaterials/PreviewShadowIndicator.uexp" 184
"../../../Engine/Content/EditorMaterials/PreviewShadowIndicatorMaterial.uasset" 185
"../../../Engine/Content/EditorMaterials/PreviewShadowIndicatorMaterial.uexp" 186
"../../../Engine/Content/EditorMaterials/PhAT_UnselectedMaterial.uasset" 187
"../../../Engine/Content/EditorMaterials/PhAT_UnselectedMaterial.uexp" 188
"../../../Engine/Content/EditorMaterials/PhAT_NoCollisionMaterial.uasset" 189
"../../../Engine/Content/EditorMaterials/PhAT_NoCollisionMaterial.uexp" 190
"../../../Engine/Content/EditorLandscapeResources/SplineEditorMeshMat.uasset" 191
"../../../Engine/Content/EditorLandscapeResources/SplineEditorMeshMat.uexp" 192
"../../../Engine/Content/EditorLandscapeResources/SplineEditorMesh.ubulk" 193
"../../../Engine/Content/EditorLandscapeResources/SplineEditorMesh.uasset" 194
"../../../Engine/Content/EditorLandscapeResources/SplineEditorMesh.uexp" 195
"../../../Engine/Content/EditorLandscapeResources/DefaultAlphaTexture.uasset" 196
"../../../Engine/Content/EditorLandscapeResources/DefaultAlphaTexture.uexp" 197
"../../../Engine/Content/EditorLandscapeResources/WhiteSquareTexture.uasset" 198
"../../../Engine/Content/EditorLandscapeResources/WhiteSquareTexture.uexp" 199
"../../../Engine/Content/Functions/Engine_MaterialFunctions03/Math/WithinRangeFloat2.uasset" 200
"../../../Engine/Content/Functions/Engine_MaterialFunctions03/Math/WithinRangeFloat2.uexp" 201
"../../../Engine/Content/EditorLandscapeResources/SelectBrushMaterial.uasset" 202
"../../../Engine/Content/EditorLandscapeResources/SelectBrushMaterial.uexp" 203
"../../../Engine/Content/EditorLandscapeResources/SelectBrushMaterial_SelectedRegion.uasset" 204
"../../../Engine/Content/EditorLandscapeResources/SelectBrushMaterial_SelectedRegion.uexp" 205
"../../../Engine/Content/EditorLandscapeResources/SelectBrushMaterial_Selected.uasset" 206
"../../../Engine/Content/EditorLandscapeResources/SelectBrushMaterial_Selected.uexp" 207
"../../../Engine/Content/Functions/Engine_MaterialFunctions02/Utility/MakeFloat3.uasset" 208
"../../../Engine/Content/Functions/Engine_MaterialFunctions02/Utility/MakeFloat3.uexp" 209
"../../../Engine/Content/EditorLandscapeResources/MaskBrushMaterial.uasset" 210
"../../../Engine/Content/EditorLandscapeResources/MaskBrushMaterial.uexp" 211
"../../../Engine/Content/EditorLandscapeResources/MaskBrushMaterial_MaskedRegion.uasset" 212
"../../../Engine/Content/EditorLandscapeResources/MaskBrushMaterial_MaskedRegion.uexp" 213
"../../../Engine/Content/EditorLandscapeResources/LayerVisMaterial.uasset" 214
"../../../Engine/Content/EditorLandscapeResources/LayerVisMaterial.uexp" 215
"../../../Engine/Content/Functions/Engine_MaterialFunctions02/WorldPositionOffset/LocalPosition.uasset" 216
"../../../Engine/Content/Functions/Engine_MaterialFunctions02/WorldPositionOffset/LocalPosition.uexp" 217
"../../../Engine/Content/Functions/Engine_MaterialFunctions02/Utility/BreakOutFloat2Components.uasset" 218
"../../../Engine/Content/Functions/Engine_MaterialFunctions02/Utility/BreakOutFloat2Components.uexp" 219
"../../../Engine/Content/Functions/Engine_MaterialFunctions01/Texturing/ScaleUVsByCenter.uasset" 220
"../../../Engine/Content/Functions/Engine_MaterialFunctions01/Texturing/ScaleUVsByCenter.uexp" 221
"../../../Engine/Content/EngineMaterials/DefaultDiffuse.ubulk" 222
"../../../Engine/Content/EngineMaterials/DefaultDiffuse.uasset" 223
"../../../Engine/Content/EngineMaterials/DefaultDiffuse.uexp" 224
"../../../Engine/Content/Functions/Engine_MaterialFunctions01/Texturing/TextureCropping.uasset" 225
"../../../Engine/Content/Functions/Engine_MaterialFunctions01/Texturing/TextureCropping.uexp" 226
"../../../Engine/Content/Functions/Engine_MaterialFunctions02/ExampleContent/DebugNumberStrip.uasset" 227
"../../../Engine/Content/Functions/Engine_MaterialFunctions02/ExampleContent/DebugNumberStrip.uexp" 228
"../../../Engine/Content/Functions/Engine_MaterialFunctions01/Debug/DebugIntValues.uasset" 229
"../../../Engine/Content/Functions/Engine_MaterialFunctions01/Debug/DebugIntValues.uexp" 230
"../../../Engine/Content/EditorLandscapeResources/LandscapeLayerUsageMaterial.uasset" 231
"../../../Engine/Content/EditorLandscapeResources/LandscapeLayerUsageMaterial.uexp" 232
"../../../Engine/Content/EditorLandscapeResources/LandscapeDirtyMaterial.uasset" 233
"../../../Engine/Content/EditorLandscapeResources/LandscapeDirtyMaterial.uexp" 234
"../../../Engine/Content/EditorLandscapeResources/ColorMaskBrushMaterial.uasset" 235
"../../../Engine/Content/EditorLandscapeResources/ColorMaskBrushMaterial.uexp" 236
"../../../Engine/Content/EditorLandscapeResources/ColorMaskBrushMaterial_MaskedRegion.uasset" 237
"../../../Engine/Content/EditorLandscapeResources/ColorMaskBrushMaterial_MaskedRegion.uexp" 238
"../../../Engine/Content/EngineResources/LandscapeVisibilityLayerInfo.uasset" 239
"../../../Engine/Content/EngineResources/LandscapeVisibilityLayerInfo.uexp" 240
"../../../Engine/Content/EngineResources/WhiteSquareTexture.uasset" 241
"../../../Engine/Content/EngineResources/WhiteSquareTexture.uexp" 242
"../../../Engine/Content/EngineMaterials/Widget3DPassThrough.uasset" 243
"../../../Engine/Content/EngineMaterials/Widget3DPassThrough.uexp" 244
"../../../Engine/Content/EngineMaterials/Widget3DPassThrough_Translucent.uasset" 245
"../../../Engine/Content/EngineMaterials/Widget3DPassThrough_Translucent.uexp" 246
"../../../Engine/Content/EngineMaterials/Widget3DPassThrough_Translucent_OneSided.uasset" 247
"../../../Engine/Content/EngineMaterials/Widget3DPassThrough_Translucent_OneSided.uexp" 248
"../../../Engine/Content/EngineMaterials/Widget3DPassThrough_Opaque.uasset" 249
"../../../Engine/Content/EngineMaterials/Widget3DPassThrough_Opaque.uexp" 250
"../../../Engine/Content/EngineMaterials/Widget3DPassThrough_Opaque_OneSided.uasset" 251
"../../../Engine/Content/EngineMaterials/Widget3DPassThrough_Opaque_OneSided.uexp" 252
"../../../Engine/Content/EngineMaterials/Widget3DPassThrough_Masked_OneSided.uasset" 253
"../../../Engine/Content/EngineMaterials/Widget3DPassThrough_Masked_OneSided.uexp" 254
"../../../Engine/Content/EngineMaterials/Widget3DPassThrough_Masked.uasset" 255
"../../../Engine/Content/EngineMaterials/Widget3DPassThrough_Masked.uexp" 256
"../../../Engine/Content/EngineMaterials/WeightMapPlaceholderTexture.uasset" 257
"../../../Engine/Content/EngineMaterials/WeightMapPlaceholderTexture.uexp" 258
"../../../Engine/Content/EngineMaterials/WeightMapArrayPlaceholderTexture.uasset" 259
"../../../Engine/Content/EngineMaterials/WeightMapArrayPlaceholderTexture.uexp" 260
"../../../Engine/Content/EngineMaterials/RemoveSurfaceMaterial.uasset" 261
"../../../Engine/Content/EngineMaterials/RemoveSurfaceMaterial.uexp" 262
"../../../Engine/Content/EngineMaterials/PreintegratedSkinBRDF.uasset" 263
"../../../Engine/Content/EngineMaterials/PreintegratedSkinBRDF.uexp" 264
"../../../Engine/Content/EngineMaterials/DefaultCalibrationGrayscale.uasset" 265
"../../../Engine/Content/EngineMaterials/DefaultCalibrationGrayscale.uexp" 266
"../../../Engine/Content/EngineMaterials/PPM_DefaultCalibrationGrayscale.uasset" 267
"../../../Engine/Content/EngineMaterials/PPM_DefaultCalibrationGrayscale.uexp" 268
"../../../Engine/Content/EngineMaterials/DefaultCalibrationColor.uasset" 269
"../../../Engine/Content/EngineMaterials/DefaultCalibrationColor.uexp" 270
"../../../Engine/Content/EngineMaterials/PPM_DefaultCalibrationColor.uasset" 271
"../../../Engine/Content/EngineMaterials/PPM_DefaultCalibrationColor.uexp" 272
"../../../Engine/Content/EngineMaterials/PhAT_JointLimitMaterial.uasset" 273
"../../../Engine/Content/EngineMaterials/PhAT_JointLimitMaterial.uexp" 274
"../../../Engine/Content/EngineMaterials/NaniteHiddenSectionMaterial.uasset" 275
"../../../Engine/Content/EngineMaterials/NaniteHiddenSectionMaterial.uexp" 276
"../../../Engine/Content/EngineMaterials/InvalidLightmapSettings.ubulk" 277
"../../../Engine/Content/EngineMaterials/InvalidLightmapSettings.uasset" 278
"../../../Engine/Content/EngineMaterials/InvalidLightmapSettings.uexp" 279
"../../../Engine/Content/EngineMaterials/M_InvalidLightmapSettings.uasset" 280
"../../../Engine/Content/EngineMaterials/M_InvalidLightmapSettings.uexp" 281
"../../../Engine/Content/EngineMaterials/MiniFont.uasset" 282
"../../../Engine/Content/EngineMaterials/MiniFont.uexp" 283
"../../../Engine/Content/EngineMaterials/GizmoMaterial.uasset" 284
"../../../Engine/Content/EngineMaterials/GizmoMaterial.uexp" 285
"../../../Engine/Content/EngineMaterials/BaseFlattenDiffuseMap_VT.ubulk" 286
"../../../Engine/Content/EngineMaterials/BaseFlattenDiffuseMap_VT.uasset" 287
"../../../Engine/Content/EngineMaterials/BaseFlattenDiffuseMap_VT.uexp" 288
"../../../Engine/Content/EngineMaterials/BaseFlattenEmissiveMap_VT.ubulk" 289
"../../../Engine/Content/EngineMaterials/BaseFlattenEmissiveMap_VT.uasset" 290
"../../../Engine/Content/EngineMaterials/BaseFlattenEmissiveMap_VT.uexp" 291
"../../../Engine/Content/EngineMaterials/BaseFlattenGrayscaleMap_VT.ubulk" 292
"../../../Engine/Content/EngineMaterials/BaseFlattenGrayscaleMap_VT.uasset" 293
"../../../Engine/Content/EngineMaterials/BaseFlattenGrayscaleMap_VT.uexp" 294
"../../../Engine/Content/EngineMaterials/BaseFlattenLinearColor_VT.ubulk" 295
"../../../Engine/Content/EngineMaterials/BaseFlattenLinearColor_VT.uasset" 296
"../../../Engine/Content/EngineMaterials/BaseFlattenLinearColor_VT.uexp" 297
"../../../Engine/Content/EngineMaterials/BaseFlattenNormalMap_VT.ubulk" 298
"../../../Engine/Content/EngineMaterials/BaseFlattenNormalMap_VT.uasset" 299
"../../../Engine/Content/EngineMaterials/BaseFlattenNormalMap_VT.uexp" 300
"../../../Engine/Content/EngineMaterials/Black_1x1_EXR_Texture_VT.ubulk" 301
"../../../Engine/Content/EngineMaterials/Black_1x1_EXR_Texture_VT.uasset" 302
"../../../Engine/Content/EngineMaterials/Black_1x1_EXR_Texture_VT.uexp" 303
"../../../Engine/Content/EngineMaterials/FlattenMaterial_WS_Normal_VT.uasset" 304
"../../../Engine/Content/EngineMaterials/FlattenMaterial_WS_Normal_VT.uexp" 305
"../../../Engine/Content/EngineMaterials/FlattenMaterial_VT.uasset" 306
"../../../Engine/Content/EngineMaterials/FlattenMaterial_VT.uexp" 307
"../../../Engine/Content/EngineMaterials/BaseFlattenNormalMap.uasset" 308
"../../../Engine/Content/EngineMaterials/BaseFlattenNormalMap.uexp" 309
"../../../Engine/Content/EngineMaterials/BaseFlattenDiffuseMap.uasset" 310
"../../../Engine/Content/EngineMaterials/BaseFlattenDiffuseMap.uexp" 311
"../../../Engine/Content/EngineMaterials/BaseFlattenEmissiveMap.uasset" 312
"../../../Engine/Content/EngineMaterials/BaseFlattenEmissiveMap.uexp" 313
"../../../Engine/Content/EngineMaterials/BaseFlattenGrayscaleMap.uasset" 314
"../../../Engine/Content/EngineMaterials/BaseFlattenGrayscaleMap.uexp" 315
"../../../Engine/Content/EngineMaterials/BaseFlattenLinearColor.uasset" 316
"../../../Engine/Content/EngineMaterials/BaseFlattenLinearColor.uexp" 317
"../../../Engine/Content/Functions/Engine_MaterialFunctions02/PivotPainter2/Black_1x1_EXR_Texture.uasset" 318
"../../../Engine/Content/Functions/Engine_MaterialFunctions02/PivotPainter2/Black_1x1_EXR_Texture.uexp" 319
"../../../Engine/Content/EngineMaterials/FlattenMaterial.uasset" 320
"../../../Engine/Content/EngineMaterials/FlattenMaterial.uexp" 321
"../../../Engine/Content/EngineMaterials/FastBlueNoise_vec2_128x128x64.uasset" 322
"../../../Engine/Content/EngineMaterials/FastBlueNoise_vec2_128x128x64.uexp" 323
"../../../Engine/Content/EngineMaterials/FastBlueNoise_scalar_128x128x8.uasset" 324
"../../../Engine/Content/EngineMaterials/FastBlueNoise_scalar_128x128x8.uexp" 325
"../../../Engine/Content/EngineMaterials/FastBlueNoise_scalar_128x128x64.uasset" 326
"../../../Engine/Content/EngineMaterials/FastBlueNoise_scalar_128x128x64.uexp" 327
"../../../Engine/Content/EngineMaterials/DefaultWhiteGrid_Low.uasset" 328
"../../../Engine/Content/EngineMaterials/DefaultWhiteGrid_Low.uexp" 329
"../../../Engine/Content/EngineMaterials/EmissiveMeshMaterial.uasset" 330
"../../../Engine/Content/EngineMaterials/EmissiveMeshMaterial.uexp" 331
"../../../Engine/Content/EngineMaterials/DefaultWhiteGrid.ubulk" 332
"../../../Engine/Content/EngineMaterials/DefaultWhiteGrid.uasset" 333
"../../../Engine/Content/EngineMaterials/DefaultWhiteGrid.uexp" 334
"../../../Engine/Content/EngineFonts/RobotoDistanceField.uasset" 335
"../../../Engine/Content/EngineFonts/RobotoDistanceField.uexp" 336
"../../../Engine/Content/EngineMaterials/DefaultTextMaterialOpaque.uasset" 337
"../../../Engine/Content/EngineMaterials/DefaultTextMaterialOpaque.uexp" 338
"../../../Engine/Content/EngineMaterials/DefaultPostProcessMaterial.uasset" 339
"../../../Engine/Content/EngineMaterials/DefaultPostProcessMaterial.uexp" 340
"../../../Engine/Content/EngineMaterials/DefaultLightFunctionMaterial.uasset" 341
"../../../Engine/Content/EngineMaterials/DefaultLightFunctionMaterial.uexp" 342
"../../../Engine/Content/EngineMaterials/DefaultDeferredDecalMaterial.uasset" 343
"../../../Engine/Content/EngineMaterials/DefaultDeferredDecalMaterial.uexp" 344
"../../../Engine/Content/EngineMaterials/DefaultBokeh.uasset" 345
"../../../Engine/Content/EngineMaterials/DefaultBokeh.uexp" 346
"../../../Engine/Content/EngineMaterials/DefaultBloomKernel.uasset" 347
"../../../Engine/Content/EngineMaterials/DefaultBloomKernel.uexp" 348
"../../../Engine/Content/Functions/Engine_MaterialFunctions02/Utility/CameraDirectionVector.uasset" 349
"../../../Engine/Content/Functions/Engine_MaterialFunctions02/Utility/CameraDirectionVector.uexp" 350
"../../../Engine/Content/EngineDebugMaterials/VolumeToRender.uasset" 351
"../../../Engine/Content/EngineDebugMaterials/VolumeToRender.uexp" 352
"../../../Engine/Content/EngineDebugMaterials/M_VolumeRenderSphereTracePP.uasset" 353
"../../../Engine/Content/EngineDebugMaterials/M_VolumeRenderSphereTracePP.uexp" 354
"../../../Engine/Content/EngineDebugMaterials/M_SimpleUnlitTranslucent.uasset" 355
"../../../Engine/Content/EngineDebugMaterials/M_SimpleUnlitTranslucent.uexp" 356
"../../../Engine/Content/EngineDebugMaterials/DebugMeshMaterial.uasset" 357
"../../../Engine/Content/EngineDebugMaterials/DebugMeshMaterial.uexp" 358
"../../../Engine/Content/EngineDebugMaterials/DebugEditorMaterial.uasset" 359
"../../../Engine/Content/EngineDebugMaterials/DebugEditorMaterial.uexp" 360
"../../../Engine/Content/EngineDamageTypes/DmgTypeBP_Environmental.uasset" 361
"../../../Engine/Content/EngineDamageTypes/DmgTypeBP_Environmental.uexp" 362
"../../../Engine/Content/EditorResources/S_Terrain.ubulk" 363
"../../../Engine/Content/EditorResources/S_Terrain.uasset" 364
"../../../Engine/Content/EditorResources/S_Terrain.uexp" 365
"../../../Engine/Content/EditorResources/S_Solver.ubulk" 366
"../../../Engine/Content/EditorResources/S_Solver.uasset" 367
"../../../Engine/Content/EditorResources/S_Solver.uexp" 368
"../../../Engine/Content/EditorResources/BSPVertex.uasset" 369
"../../../Engine/Content/EditorResources/BSPVertex.uexp" 370
"../../../Engine/Plugins/VirtualProduction/CameraCalibrationCore/Content/Materials/M_DefaultOddSquare.uasset" 371
"../../../Engine/Plugins/VirtualProduction/CameraCalibrationCore/Content/Materials/M_DefaultOddSquare.uexp" 372
"../../../Engine/Plugins/VirtualProduction/CameraCalibrationCore/Content/Materials/M_DefaultEvenSquare.uasset" 373
"../../../Engine/Plugins/VirtualProduction/CameraCalibrationCore/Content/Materials/M_DefaultEvenSquare.uexp" 374
"../../../Engine/Plugins/Runtime/HairStrands/Content/Materials/HairMeshesDefaultMaterial.uasset" 375
"../../../Engine/Plugins/Runtime/HairStrands/Content/Materials/HairMeshesDefaultMaterial.uexp" 376
"../../../Engine/Plugins/Runtime/HairStrands/Content/Materials/HairDefaultMaterial.uasset" 377
"../../../Engine/Plugins/Runtime/HairStrands/Content/Materials/HairDefaultMaterial.uexp" 378
"../../../Engine/Content/Functions/Engine_MaterialFunctions02/Utility/MakeFloat2.uasset" 379
"../../../Engine/Content/Functions/Engine_MaterialFunctions02/Utility/MakeFloat2.uexp" 380
"../../../Engine/Content/EngineMaterials/HairDebugColor.uasset" 381
"../../../Engine/Content/EngineMaterials/HairDebugColor.uexp" 382
"../../../Engine/Content/EngineMaterials/HairColorMap.uasset" 383
"../../../Engine/Content/EngineMaterials/HairColorMap.uexp" 384
"../../../Engine/Plugins/Runtime/HairStrands/Content/Materials/HairGroupColors.uasset" 385
"../../../Engine/Plugins/Runtime/HairStrands/Content/Materials/HairGroupColors.uexp" 386
"../../../Engine/Plugins/Runtime/HairStrands/Content/Materials/HairDebugMaterial.uasset" 387
"../../../Engine/Plugins/Runtime/HairStrands/Content/Materials/HairDebugMaterial.uexp" 388
"../../../Engine/Plugins/Runtime/HairStrands/Content/Materials/HairCardsDefaultMaterial.uasset" 389
"../../../Engine/Plugins/Runtime/HairStrands/Content/Materials/HairCardsDefaultMaterial.uexp" 390
"../../../Engine/Plugins/Runtime/AudioWidgets/Content/Resources/ScrubHandleDown_Clamped.uasset" 391
"../../../Engine/Plugins/Runtime/AudioWidgets/Content/Resources/ScrubHandleDown_Clamped.uexp" 392
"../../../Engine/Plugins/Interchange/Assets/Content/Functions/MX_UsdPreviewSurface.uasset" 393
"../../../Engine/Plugins/Interchange/Assets/Content/Functions/MX_UsdPreviewSurface.uexp" 394
"../../../Engine/Plugins/Interchange/Assets/Content/Functions/MX_UniformEDF.uasset" 395
"../../../Engine/Plugins/Interchange/Assets/Content/Functions/MX_UniformEDF.uexp" 396
"../../../Engine/Plugins/Interchange/Assets/Content/Functions/MX_TranslucentBSDF.uasset" 397
"../../../Engine/Plugins/Interchange/Assets/Content/Functions/MX_TranslucentBSDF.uexp" 398
"../../../Engine/Plugins/Interchange/Assets/Content/Functions/MX_ThinFilmBSDF.uasset" 399
"../../../Engine/Plugins/Interchange/Assets/Content/Functions/MX_ThinFilmBSDF.uexp" 400
"../../../Engine/Plugins/Interchange/Assets/Content/Functions/MX_SurfaceUnlit.uasset" 401
"../../../Engine/Plugins/Interchange/Assets/Content/Functions/MX_SurfaceUnlit.uexp" 402
"../../../Engine/Plugins/Interchange/Assets/Content/Functions/MX_Surface.uasset" 403
"../../../Engine/Plugins/Interchange/Assets/Content/Functions/MX_Surface.uexp" 404
"../../../Engine/Plugins/Interchange/Assets/Content/Functions/MX_SubsurfaceBSDF.uasset" 405
"../../../Engine/Plugins/Interchange/Assets/Content/Functions/MX_SubsurfaceBSDF.uexp" 406
"../../../Engine/Plugins/Interchange/Assets/Content/Functions/MX_SheenBSDF.uasset" 407
"../../../Engine/Plugins/Interchange/Assets/Content/Functions/MX_SheenBSDF.uexp" 408
"../../../Engine/Plugins/Interchange/Assets/Content/Functions/MX_OrenNayarBSDF.uasset" 409
"../../../Engine/Plugins/Interchange/Assets/Content/Functions/MX_OrenNayarBSDF.uexp" 410
"../../../Engine/Plugins/Interchange/Assets/Content/Functions/MF_IridescenceNoLUT.uasset" 411
"../../../Engine/Plugins/Interchange/Assets/Content/Functions/MF_IridescenceNoLUT.uexp" 412
"../../../Engine/Plugins/Interchange/Assets/Content/Functions/MX_StandardSurface.uasset" 413
"../../../Engine/Plugins/Interchange/Assets/Content/Functions/MX_StandardSurface.uexp" 414
"../../../Engine/Plugins/Interchange/Assets/Content/Functions/MX_TransmissionSurface.uasset" 415
"../../../Engine/Plugins/Interchange/Assets/Content/Functions/MX_TransmissionSurface.uexp" 416
"../../../Engine/Plugins/Interchange/Assets/Content/Functions/MX_OpenPBR_Translucent.uasset" 417
"../../../Engine/Plugins/Interchange/Assets/Content/Functions/MX_OpenPBR_Translucent.uexp" 418
"../../../Engine/Plugins/Interchange/Assets/Content/Functions/MX_OpenPBR_Opaque.uasset" 419
"../../../Engine/Plugins/Interchange/Assets/Content/Functions/MX_OpenPBR_Opaque.uexp" 420
"../../../Engine/Plugins/Interchange/Assets/Content/Functions/MX_MeasuredEDF.uasset" 421
"../../../Engine/Plugins/Interchange/Assets/Content/Functions/MX_MeasuredEDF.uexp" 422
"../../../Engine/Plugins/Interchange/Assets/Content/Functions/MX_GeneralizedSchlickBSDF.uasset" 423
"../../../Engine/Plugins/Interchange/Assets/Content/Functions/MX_GeneralizedSchlickBSDF.uexp" 424
"../../../Engine/Plugins/Interchange/Assets/Content/Functions/MX_Displacement.uasset" 425
"../../../Engine/Plugins/Interchange/Assets/Content/Functions/MX_Displacement.uexp" 426
"../../../Engine/Plugins/Interchange/Assets/Content/Functions/MX_DielectricBSDF.uasset" 427
"../../../Engine/Plugins/Interchange/Assets/Content/Functions/MX_DielectricBSDF.uexp" 428
"../../../Engine/Plugins/Interchange/Assets/Content/Functions/MX_ConicalEDF.uasset" 429
"../../../Engine/Plugins/Interchange/Assets/Content/Functions/MX_ConicalEDF.uexp" 430
"../../../Engine/Plugins/Interchange/Assets/Content/Functions/MX_ConductorBSDF.uasset" 431
"../../../Engine/Plugins/Interchange/Assets/Content/Functions/MX_ConductorBSDF.uexp" 432
"../../../Engine/Plugins/Interchange/Assets/Content/Functions/MX_BurleyDiffuseBSDF.uasset" 433
"../../../Engine/Plugins/Interchange/Assets/Content/Functions/MX_BurleyDiffuseBSDF.uexp" 434
"../../../Engine/Plugins/Interchange/Assets/Content/Functions/MX_AnisotropicVDF.uasset" 435
"../../../Engine/Plugins/Interchange/Assets/Content/Functions/MX_AnisotropicVDF.uexp" 436
"../../../Engine/Plugins/Interchange/Assets/Content/Functions/MX_AbsorptionVDF.uasset" 437
"../../../Engine/Plugins/Interchange/Assets/Content/Functions/MX_AbsorptionVDF.uexp" 438
"../../../Engine/Content/VREditor/TransformGizmo/Xray.uasset" 439
"../../../Engine/Content/VREditor/TransformGizmo/Xray.uexp" 440
"../../../Engine/Content/VREditor/TransformGizmo/Main.uasset" 441
"../../../Engine/Content/VREditor/TransformGizmo/Main.uexp" 442
"../../../Engine/Content/VREditor/TransformGizmo/SM_Sequencer_Node.ubulk" 443
"../../../Engine/Content/VREditor/TransformGizmo/SM_Sequencer_Node.uasset" 444
"../../../Engine/Content/VREditor/TransformGizmo/SM_Sequencer_Node.uexp" 445
"../../../Engine/Content/Functions/Engine_MaterialFunctions02/Utility/VectorLength.uasset" 446
"../../../Engine/Content/Functions/Engine_MaterialFunctions02/Utility/VectorLength.uexp" 447
"../../../Engine/Content/Functions/Engine_MaterialFunctions02/Utility/BreakOutFloat3Components.uasset" 448
"../../../Engine/Content/Functions/Engine_MaterialFunctions02/Utility/BreakOutFloat3Components.uexp" 449
"../../../Engine/Content/Functions/Engine_MaterialFunctions02/WorldPositionOffset/ObjectScale.uasset" 450
"../../../Engine/Content/Functions/Engine_MaterialFunctions02/WorldPositionOffset/ObjectScale.uexp" 451
"../../../Engine/Content/Functions/Engine_MaterialFunctions02/SafeNormalize.uasset" 452
"../../../Engine/Content/Functions/Engine_MaterialFunctions02/SafeNormalize.uexp" 453
"../../../Engine/Plugins/Editor/SpeedTreeImporter/Content/SpeedTree9/UnpackInteger3.uasset" 454
"../../../Engine/Plugins/Editor/SpeedTreeImporter/Content/SpeedTree9/UnpackInteger3.uexp" 455
"../../../Engine/Plugins/Editor/SpeedTreeImporter/Content/SpeedTree9/UnpackDirection.uasset" 456
"../../../Engine/Plugins/Editor/SpeedTreeImporter/Content/SpeedTree9/UnpackDirection.uexp" 457
"../../../Engine/Plugins/Editor/SpeedTreeImporter/Content/SpeedTree9/game_wind_noise.ubulk" 458
"../../../Engine/Plugins/Editor/SpeedTreeImporter/Content/SpeedTree9/game_wind_noise.uasset" 459
"../../../Engine/Plugins/Editor/SpeedTreeImporter/Content/SpeedTree9/game_wind_noise.uexp" 460
"../../../Engine/Plugins/Editor/SpeedTreeImporter/Content/SpeedTree9/SpeedTreeWindMotion.uasset" 461
"../../../Engine/Plugins/Editor/SpeedTreeImporter/Content/SpeedTree9/SpeedTreeWindMotion.uexp" 462
"../../../Engine/Plugins/Editor/SpeedTreeImporter/Content/SpeedTree9/SpeedTreeBranchMotion.uasset" 463
"../../../Engine/Plugins/Editor/SpeedTreeImporter/Content/SpeedTree9/SpeedTreeBranchMotion.uexp" 464
"../../../Engine/Content/Functions/Engine_MaterialFunctions02/ObjectLocalBounds.uasset" 465
"../../../Engine/Content/Functions/Engine_MaterialFunctions02/ObjectLocalBounds.uexp" 466
"../../../Engine/Content/Functions/Engine_MaterialFunctions02/UVs/BoundingBoxBased_0-1_UVW.uasset" 467
"../../../Engine/Content/Functions/Engine_MaterialFunctions02/UVs/BoundingBoxBased_0-1_UVW.uexp" 468
"../../../Engine/Plugins/Editor/SpeedTreeImporter/Content/SpeedTree9/SpeedTreeWind.uasset" 469
"../../../Engine/Plugins/Editor/SpeedTreeImporter/Content/SpeedTree9/SpeedTreeWind.uexp" 470
"../../../Engine/Plugins/Editor/SpeedTreeImporter/Content/SpeedTree9/SpeedTreeCameraFacing.uasset" 471
"../../../Engine/Plugins/Editor/SpeedTreeImporter/Content/SpeedTree9/SpeedTreeCameraFacing.uexp" 472
"../../../Engine/Plugins/Editor/SpeedTreeImporter/Content/SpeedTree9/EmptyNormal.uasset" 473
"../../../Engine/Plugins/Editor/SpeedTreeImporter/Content/SpeedTree9/EmptyNormal.uexp" 474
"../../../Engine/Plugins/Editor/SpeedTreeImporter/Content/SpeedTree9/Empty.uasset" 475
"../../../Engine/Plugins/Editor/SpeedTreeImporter/Content/SpeedTree9/Empty.uexp" 476
"../../../Engine/Plugins/Editor/SpeedTreeImporter/Content/SpeedTree9/SpeedTreeMaster.uasset" 477
"../../../Engine/Plugins/Editor/SpeedTreeImporter/Content/SpeedTree9/SpeedTreeMaster.uexp" 478
"../../../Engine/Plugins/Editor/SpeedTreeImporter/Content/SpeedTree9/SpeedTreeBillboard.uasset" 479
"../../../Engine/Plugins/Editor/SpeedTreeImporter/Content/SpeedTree9/SpeedTreeBillboard.uexp" 480
"../../../Engine/Plugins/Editor/SpeedTreeImporter/Content/SpeedTree9/SpeedTreeBillboardMaster.uasset" 481
"../../../Engine/Plugins/Editor/SpeedTreeImporter/Content/SpeedTree9/SpeedTreeBillboardMaster.uexp" 482
"../../../Engine/Plugins/Animation/ControlRig/Content/Controls/ControlRig_Wedge_solid.ubulk" 483
"../../../Engine/Plugins/Animation/ControlRig/Content/Controls/ControlRig_Wedge_solid.uasset" 484
"../../../Engine/Plugins/Animation/ControlRig/Content/Controls/ControlRig_Wedge_solid.uexp" 485
"../../../Engine/Plugins/Animation/ControlRig/Content/Controls/ControlRig_Wedge_3mm.ubulk" 486
"../../../Engine/Plugins/Animation/ControlRig/Content/Controls/ControlRig_Wedge_3mm.uasset" 487
"../../../Engine/Plugins/Animation/ControlRig/Content/Controls/ControlRig_Wedge_3mm.uexp" 488
"../../../Engine/Plugins/Animation/ControlRig/Content/Controls/ControlRig_Wedge_1mm.ubulk" 489
"../../../Engine/Plugins/Animation/ControlRig/Content/Controls/ControlRig_Wedge_1mm.uasset" 490
"../../../Engine/Plugins/Animation/ControlRig/Content/Controls/ControlRig_Wedge_1mm.uexp" 491
"../../../Engine/Plugins/Animation/ControlRig/Content/Controls/ControlRig_Triangle_solid.ubulk" 492
"../../../Engine/Plugins/Animation/ControlRig/Content/Controls/ControlRig_Triangle_solid.uasset" 493
"../../../Engine/Plugins/Animation/ControlRig/Content/Controls/ControlRig_Triangle_solid.uexp" 494
"../../../Engine/Plugins/Animation/ControlRig/Content/Controls/ControlRig_Triangle_3mm.ubulk" 495
"../../../Engine/Plugins/Animation/ControlRig/Content/Controls/ControlRig_Triangle_3mm.uasset" 496
"../../../Engine/Plugins/Animation/ControlRig/Content/Controls/ControlRig_Triangle_3mm.uexp" 497
"../../../Engine/Plugins/Animation/ControlRig/Content/Controls/ControlRig_Triangle_1mm.ubulk" 498
"../../../Engine/Plugins/Animation/ControlRig/Content/Controls/ControlRig_Triangle_1mm.uasset" 499
"../../../Engine/Plugins/Animation/ControlRig/Content/Controls/ControlRig_Triangle_1mm.uexp" 500
"../../../Engine/Plugins/Animation/ControlRig/Content/Controls/ControlRig_Star4_solid.ubulk" 501
"../../../Engine/Plugins/Animation/ControlRig/Content/Controls/ControlRig_Star4_solid.uasset" 502
"../../../Engine/Plugins/Animation/ControlRig/Content/Controls/ControlRig_Star4_solid.uexp" 503
"../../../Engine/Plugins/Animation/ControlRig/Content/Controls/ControlRig_Star4_3mm.ubulk" 504
"../../../Engine/Plugins/Animation/ControlRig/Content/Controls/ControlRig_Star4_3mm.uasset" 505
"../../../Engine/Plugins/Animation/ControlRig/Content/Controls/ControlRig_Star4_3mm.uexp" 506
"../../../Engine/Plugins/Animation/ControlRig/Content/Controls/ControlRig_Star4_1mm.ubulk" 507
"../../../Engine/Plugins/Animation/ControlRig/Content/Controls/ControlRig_Star4_1mm.uasset" 508
"../../../Engine/Plugins/Animation/ControlRig/Content/Controls/ControlRig_Star4_1mm.uexp" 509
"../../../Engine/Plugins/Animation/ControlRig/Content/Controls/ControlRig_Square_solid.ubulk" 510
"../../../Engine/Plugins/Animation/ControlRig/Content/Controls/ControlRig_Square_solid.uasset" 511
"../../../Engine/Plugins/Animation/ControlRig/Content/Controls/ControlRig_Square_solid.uexp" 512
"../../../Engine/Plugins/Animation/ControlRig/Content/Controls/ControlRig_Square_3mm.ubulk" 513
"../../../Engine/Plugins/Animation/ControlRig/Content/Controls/ControlRig_Square_3mm.uasset" 514
"../../../Engine/Plugins/Animation/ControlRig/Content/Controls/ControlRig_Square_3mm.uexp" 515
"../../../Engine/Plugins/Animation/ControlRig/Content/Controls/ControlRig_Square_1mm.ubulk" 516
"../../../Engine/Plugins/Animation/ControlRig/Content/Controls/ControlRig_Square_1mm.uasset" 517
"../../../Engine/Plugins/Animation/ControlRig/Content/Controls/ControlRig_Square_1mm.uexp" 518
"../../../Engine/Plugins/Animation/ControlRig/Content/Controls/ControlRig_Sphere_solid.ubulk" 519
"../../../Engine/Plugins/Animation/ControlRig/Content/Controls/ControlRig_Sphere_solid.uasset" 520
"../../../Engine/Plugins/Animation/ControlRig/Content/Controls/ControlRig_Sphere_solid.uexp" 521
"../../../Engine/Plugins/Animation/ControlRig/Content/Controls/ControlRig_Sphere_3mm.ubulk" 522
"../../../Engine/Plugins/Animation/ControlRig/Content/Controls/ControlRig_Sphere_3mm.uasset" 523
"../../../Engine/Plugins/Animation/ControlRig/Content/Controls/ControlRig_Sphere_3mm.uexp" 524
"../../../Engine/Plugins/Animation/ControlRig/Content/Controls/ControlRig_Sphere_1mm.ubulk" 525
"../../../Engine/Plugins/Animation/ControlRig/Content/Controls/ControlRig_Sphere_1mm.uasset" 526
"../../../Engine/Plugins/Animation/ControlRig/Content/Controls/ControlRig_Sphere_1mm.uexp" 527
"../../../Engine/Plugins/Animation/ControlRig/Content/Controls/ControlRig_RoundedTriangle_solid.ubulk" 528
"../../../Engine/Plugins/Animation/ControlRig/Content/Controls/ControlRig_RoundedTriangle_solid.uasset" 529
"../../../Engine/Plugins/Animation/ControlRig/Content/Controls/ControlRig_RoundedTriangle_solid.uexp" 530
"../../../Engine/Plugins/Animation/ControlRig/Content/Controls/ControlRig_RoundedTriangle_3mm.ubulk" 531
"../../../Engine/Plugins/Animation/ControlRig/Content/Controls/ControlRig_RoundedTriangle_3mm.uasset" 532
"../../../Engine/Plugins/Animation/ControlRig/Content/Controls/ControlRig_RoundedTriangle_3mm.uexp" 533
"../../../Engine/Plugins/Animation/ControlRig/Content/Controls/ControlRig_RoundedTriangle_1mm.ubulk" 534
"../../../Engine/Plugins/Animation/ControlRig/Content/Controls/ControlRig_RoundedTriangle_1mm.uasset" 535
"../../../Engine/Plugins/Animation/ControlRig/Content/Controls/ControlRig_RoundedTriangle_1mm.uexp" 536
"../../../Engine/Plugins/Animation/ControlRig/Content/Controls/ControlRig_RoundedSquare_solid.ubulk" 537
"../../../Engine/Plugins/Animation/ControlRig/Content/Controls/ControlRig_RoundedSquare_solid.uasset" 538
"../../../Engine/Plugins/Animation/ControlRig/Content/Controls/ControlRig_RoundedSquare_solid.uexp" 539
"../../../Engine/Plugins/Animation/ControlRig/Content/Controls/ControlRig_RoundedSquare_3mm.ubulk" 540
"../../../Engine/Plugins/Animation/ControlRig/Content/Controls/ControlRig_RoundedSquare_3mm.uasset" 541
"../../../Engine/Plugins/Animation/ControlRig/Content/Controls/ControlRig_RoundedSquare_3mm.uexp" 542
"../../../Engine/Plugins/Animation/ControlRig/Content/Controls/ControlRig_RoundedSquare_1mm.ubulk" 543
"../../../Engine/Plugins/Animation/ControlRig/Content/Controls/ControlRig_RoundedSquare_1mm.uasset" 544
"../../../Engine/Plugins/Animation/ControlRig/Content/Controls/ControlRig_RoundedSquare_1mm.uexp" 545
"../../../Engine/Plugins/Animation/ControlRig/Content/Controls/ControlRig_QuarterCircle_solid.ubulk" 546
"../../../Engine/Plugins/Animation/ControlRig/Content/Controls/ControlRig_QuarterCircle_solid.uasset" 547
"../../../Engine/Plugins/Animation/ControlRig/Content/Controls/ControlRig_QuarterCircle_solid.uexp" 548
"../../../Engine/Plugins/Animation/ControlRig/Content/Controls/ControlRig_QuarterCircle_3mm.ubulk" 549
"../../../Engine/Plugins/Animation/ControlRig/Content/Controls/ControlRig_QuarterCircle_3mm.uasset" 550
"../../../Engine/Plugins/Animation/ControlRig/Content/Controls/ControlRig_QuarterCircle_3mm.uexp" 551
"../../../Engine/Plugins/Animation/ControlRig/Content/Controls/ControlRig_QuarterCircle_1mm.ubulk" 552
"../../../Engine/Plugins/Animation/ControlRig/Content/Controls/ControlRig_QuarterCircle_1mm.uasset" 553
"../../../Engine/Plugins/Animation/ControlRig/Content/Controls/ControlRig_QuarterCircle_1mm.uexp" 554
"../../../Engine/Plugins/Animation/ControlRig/Content/Controls/ControlRig_Pyramid_solid.ubulk" 555
"../../../Engine/Plugins/Animation/ControlRig/Content/Controls/ControlRig_Pyramid_solid.uasset" 556
"../../../Engine/Plugins/Animation/ControlRig/Content/Controls/ControlRig_Pyramid_solid.uexp" 557
"../../../Engine/Plugins/Animation/ControlRig/Content/Controls/ControlRig_Pyramid_3mm.ubulk" 558
"../../../Engine/Plugins/Animation/ControlRig/Content/Controls/ControlRig_Pyramid_3mm.uasset" 559
"../../../Engine/Plugins/Animation/ControlRig/Content/Controls/ControlRig_Pyramid_3mm.uexp" 560
"../../../Engine/Plugins/Animation/ControlRig/Content/Controls/ControlRig_Pyramid_1mm.ubulk" 561
"../../../Engine/Plugins/Animation/ControlRig/Content/Controls/ControlRig_Pyramid_1mm.uasset" 562
"../../../Engine/Plugins/Animation/ControlRig/Content/Controls/ControlRig_Pyramid_1mm.uexp" 563
"../../../Engine/Plugins/Animation/ControlRig/Content/Controls/ControlRig_Octagon_solid.ubulk" 564
"../../../Engine/Plugins/Animation/ControlRig/Content/Controls/ControlRig_Octagon_solid.uasset" 565
"../../../Engine/Plugins/Animation/ControlRig/Content/Controls/ControlRig_Octagon_solid.uexp" 566
"../../../Engine/Plugins/Animation/ControlRig/Content/Controls/ControlRig_Octagon_3mm.ubulk" 567
"../../../Engine/Plugins/Animation/ControlRig/Content/Controls/ControlRig_Octagon_3mm.uasset" 568
"../../../Engine/Plugins/Animation/ControlRig/Content/Controls/ControlRig_Octagon_3mm.uexp" 569
"../../../Engine/Plugins/Animation/ControlRig/Content/Controls/ControlRig_Octagon_1mm.ubulk" 570
"../../../Engine/Plugins/Animation/ControlRig/Content/Controls/ControlRig_Octagon_1mm.uasset" 571
"../../../Engine/Plugins/Animation/ControlRig/Content/Controls/ControlRig_Octagon_1mm.uexp" 572
"../../../Engine/Plugins/Animation/ControlRig/Content/Controls/ControlRig_Hexagon_solid.ubulk" 573
"../../../Engine/Plugins/Animation/ControlRig/Content/Controls/ControlRig_Hexagon_solid.uasset" 574
"../../../Engine/Plugins/Animation/ControlRig/Content/Controls/ControlRig_Hexagon_solid.uexp" 575
"../../../Engine/Plugins/Animation/ControlRig/Content/Controls/ControlRig_Hexagon_3mm.ubulk" 576
"../../../Engine/Plugins/Animation/ControlRig/Content/Controls/ControlRig_Hexagon_3mm.uasset" 577
"../../../Engine/Plugins/Animation/ControlRig/Content/Controls/ControlRig_Hexagon_3mm.uexp" 578
"../../../Engine/Plugins/Animation/ControlRig/Content/Controls/ControlRig_Hexagon_1mm.ubulk" 579
"../../../Engine/Plugins/Animation/ControlRig/Content/Controls/ControlRig_Hexagon_1mm.uasset" 580
"../../../Engine/Plugins/Animation/ControlRig/Content/Controls/ControlRig_Hexagon_1mm.uexp" 581
"../../../Engine/Plugins/Animation/ControlRig/Content/Controls/ControlRig_HalfCircle_solid.ubulk" 582
"../../../Engine/Plugins/Animation/ControlRig/Content/Controls/ControlRig_HalfCircle_solid.uasset" 583
"../../../Engine/Plugins/Animation/ControlRig/Content/Controls/ControlRig_HalfCircle_solid.uexp" 584
"../../../Engine/Plugins/Animation/ControlRig/Content/Controls/ControlRig_HalfCircle_3mm.ubulk" 585
"../../../Engine/Plugins/Animation/ControlRig/Content/Controls/ControlRig_HalfCircle_3mm.uasset" 586
"../../../Engine/Plugins/Animation/ControlRig/Content/Controls/ControlRig_HalfCircle_3mm.uexp" 587
"../../../Engine/Plugins/Animation/ControlRig/Content/Controls/ControlRig_HalfCircle_1mm.ubulk" 588
"../../../Engine/Plugins/Animation/ControlRig/Content/Controls/ControlRig_HalfCircle_1mm.uasset" 589
"../../../Engine/Plugins/Animation/ControlRig/Content/Controls/ControlRig_HalfCircle_1mm.uexp" 590
"../../../Engine/Plugins/Animation/ControlRig/Content/Controls/ControlRig_Diamond_solid.ubulk" 591
"../../../Engine/Plugins/Animation/ControlRig/Content/Controls/ControlRig_Diamond_solid.uasset" 592
"../../../Engine/Plugins/Animation/ControlRig/Content/Controls/ControlRig_Diamond_solid.uexp" 593
"../../../Engine/Plugins/Animation/ControlRig/Content/Controls/ControlRig_Diamond_3mm.ubulk" 594
"../../../Engine/Plugins/Animation/ControlRig/Content/Controls/ControlRig_Diamond_3mm.uasset" 595
"../../../Engine/Plugins/Animation/ControlRig/Content/Controls/ControlRig_Diamond_3mm.uexp" 596
"../../../Engine/Plugins/Animation/ControlRig/Content/Controls/ControlRig_Diamond_1mm.ubulk" 597
"../../../Engine/Plugins/Animation/ControlRig/Content/Controls/ControlRig_Diamond_1mm.uasset" 598
"../../../Engine/Plugins/Animation/ControlRig/Content/Controls/ControlRig_Diamond_1mm.uexp" 599
"../../../Engine/Plugins/Animation/ControlRig/Content/Controls/ControlRig_Circle_solid.ubulk" 600
"../../../Engine/Plugins/Animation/ControlRig/Content/Controls/ControlRig_Circle_solid.uasset" 601
"../../../Engine/Plugins/Animation/ControlRig/Content/Controls/ControlRig_Circle_solid.uexp" 602
"../../../Engine/Plugins/Animation/ControlRig/Content/Controls/ControlRig_Circle_3mm.ubulk" 603
"../../../Engine/Plugins/Animation/ControlRig/Content/Controls/ControlRig_Circle_3mm.uasset" 604
"../../../Engine/Plugins/Animation/ControlRig/Content/Controls/ControlRig_Circle_3mm.uexp" 605
"../../../Engine/Plugins/Animation/ControlRig/Content/Controls/ControlRig_Circle_1mm.ubulk" 606
"../../../Engine/Plugins/Animation/ControlRig/Content/Controls/ControlRig_Circle_1mm.uasset" 607
"../../../Engine/Plugins/Animation/ControlRig/Content/Controls/ControlRig_Circle_1mm.uexp" 608
"../../../Engine/Plugins/Animation/ControlRig/Content/Controls/ControlRig_Box_solid.ubulk" 609
"../../../Engine/Plugins/Animation/ControlRig/Content/Controls/ControlRig_Box_solid.uasset" 610
"../../../Engine/Plugins/Animation/ControlRig/Content/Controls/ControlRig_Box_solid.uexp" 611
"../../../Engine/Plugins/Animation/ControlRig/Content/Controls/ControlRig_Box_3mm.ubulk" 612
"../../../Engine/Plugins/Animation/ControlRig/Content/Controls/ControlRig_Box_3mm.uasset" 613
"../../../Engine/Plugins/Animation/ControlRig/Content/Controls/ControlRig_Box_3mm.uexp" 614
"../../../Engine/Plugins/Animation/ControlRig/Content/Controls/ControlRig_Box_1mm.ubulk" 615
"../../../Engine/Plugins/Animation/ControlRig/Content/Controls/ControlRig_Box_1mm.uasset" 616
"../../../Engine/Plugins/Animation/ControlRig/Content/Controls/ControlRig_Box_1mm.uexp" 617
"../../../Engine/Plugins/Animation/ControlRig/Content/Controls/ControlRig_Arrow_solid.ubulk" 618
"../../../Engine/Plugins/Animation/ControlRig/Content/Controls/ControlRig_Arrow_solid.uasset" 619
"../../../Engine/Plugins/Animation/ControlRig/Content/Controls/ControlRig_Arrow_solid.uexp" 620
"../../../Engine/Plugins/Animation/ControlRig/Content/Controls/ControlRig_Arrow_3mm.ubulk" 621
"../../../Engine/Plugins/Animation/ControlRig/Content/Controls/ControlRig_Arrow_3mm.uasset" 622
"../../../Engine/Plugins/Animation/ControlRig/Content/Controls/ControlRig_Arrow_3mm.uexp" 623
"../../../Engine/Plugins/Animation/ControlRig/Content/Controls/ControlRig_Arrow_1mm.ubulk" 624
"../../../Engine/Plugins/Animation/ControlRig/Content/Controls/ControlRig_Arrow_1mm.uasset" 625
"../../../Engine/Plugins/Animation/ControlRig/Content/Controls/ControlRig_Arrow_1mm.uexp" 626
"../../../Engine/Plugins/Animation/ControlRig/Content/Controls/ControlRig_Arrow4_solid.ubulk" 627
"../../../Engine/Plugins/Animation/ControlRig/Content/Controls/ControlRig_Arrow4_solid.uasset" 628
"../../../Engine/Plugins/Animation/ControlRig/Content/Controls/ControlRig_Arrow4_solid.uexp" 629
"../../../Engine/Plugins/Animation/ControlRig/Content/Controls/ControlRig_Arrow4_3mm.ubulk" 630
"../../../Engine/Plugins/Animation/ControlRig/Content/Controls/ControlRig_Arrow4_3mm.uasset" 631
"../../../Engine/Plugins/Animation/ControlRig/Content/Controls/ControlRig_Arrow4_3mm.uexp" 632
"../../../Engine/Plugins/Animation/ControlRig/Content/Controls/ControlRig_Arrow4_1mm.ubulk" 633
"../../../Engine/Plugins/Animation/ControlRig/Content/Controls/ControlRig_Arrow4_1mm.uasset" 634
"../../../Engine/Plugins/Animation/ControlRig/Content/Controls/ControlRig_Arrow4_1mm.uexp" 635
"../../../Engine/Plugins/Animation/ControlRig/Content/Controls/ControlRig_Arrow2_solid.ubulk" 636
"../../../Engine/Plugins/Animation/ControlRig/Content/Controls/ControlRig_Arrow2_solid.uasset" 637
"../../../Engine/Plugins/Animation/ControlRig/Content/Controls/ControlRig_Arrow2_solid.uexp" 638
"../../../Engine/Plugins/Animation/ControlRig/Content/Controls/ControlRig_Arrow2_3mm.ubulk" 639
"../../../Engine/Plugins/Animation/ControlRig/Content/Controls/ControlRig_Arrow2_3mm.uasset" 640
"../../../Engine/Plugins/Animation/ControlRig/Content/Controls/ControlRig_Arrow2_3mm.uexp" 641
"../../../Engine/Plugins/Animation/ControlRig/Content/Controls/ControlRig_Arrow2_1mm.ubulk" 642
"../../../Engine/Plugins/Animation/ControlRig/Content/Controls/ControlRig_Arrow2_1mm.uasset" 643
"../../../Engine/Plugins/Animation/ControlRig/Content/Controls/ControlRig_Arrow2_1mm.uexp" 644
"../../../Engine/Plugins/Animation/ControlRig/Content/Controls/ControlRigXRayMaterial.uasset" 645
"../../../Engine/Plugins/Animation/ControlRig/Content/Controls/ControlRigXRayMaterial.uexp" 646
"../../../Engine/Plugins/Animation/ControlRig/Content/Controls/ControlRigGizmoMaterial.uasset" 647
"../../../Engine/Plugins/Animation/ControlRig/Content/Controls/ControlRigGizmoMaterial.uexp" 648
"../../../Engine/Content/EditorMaterials/Dataflow/DataflowVertexMaterial.uasset" 649
"../../../Engine/Content/EditorMaterials/Dataflow/DataflowVertexMaterial.uexp" 650
"../../../Engine/Content/EditorMaterials/Dataflow/DataflowTwoSidedVertexMaterial.uasset" 651
"../../../Engine/Content/EditorMaterials/Dataflow/DataflowTwoSidedVertexMaterial.uexp" 652
"../../../Engine/Content/EditorMaterials/Camera/CineMat.uasset" 653
"../../../Engine/Content/EditorMaterials/Camera/CineMat.uexp" 654
"../../../Engine/Content/EditorMaterials/Camera/MI_CineMat_Rig.uasset" 655
"../../../Engine/Content/EditorMaterials/Camera/MI_CineMat_Rig.uexp" 656
"../../../Engine/Content/EditorMeshes/Camera/SM_RailRig_Track.ubulk" 657
"../../../Engine/Content/EditorMeshes/Camera/SM_RailRig_Track.uasset" 658
"../../../Engine/Content/EditorMeshes/Camera/SM_RailRig_Track.uexp" 659
"../../../Engine/Content/EditorMeshes/Camera/SM_RailRig_Mount.ubulk" 660
"../../../Engine/Content/EditorMeshes/Camera/SM_RailRig_Mount.uasset" 661
"../../../Engine/Content/EditorMeshes/Camera/SM_RailRig_Mount.uexp" 662
"../../../Engine/Content/EditorMeshes/Camera/SM_CraneRig_Mount.ubulk" 663
"../../../Engine/Content/EditorMeshes/Camera/SM_CraneRig_Mount.uasset" 664
"../../../Engine/Content/EditorMeshes/Camera/SM_CraneRig_Mount.uexp" 665
"../../../Engine/Content/EditorMeshes/Camera/SM_CraneRig_Body.ubulk" 666
"../../../Engine/Content/EditorMeshes/Camera/SM_CraneRig_Body.uasset" 667
"../../../Engine/Content/EditorMeshes/Camera/SM_CraneRig_Body.uexp" 668
"../../../Engine/Content/EditorMeshes/Camera/SM_CraneRig_Base.ubulk" 669
"../../../Engine/Content/EditorMeshes/Camera/SM_CraneRig_Base.uasset" 670
"../../../Engine/Content/EditorMeshes/Camera/SM_CraneRig_Base.uexp" 671
"../../../Engine/Content/EditorMeshes/Camera/SM_CraneRig_Arm.ubulk" 672
"../../../Engine/Content/EditorMeshes/Camera/SM_CraneRig_Arm.uasset" 673
"../../../Engine/Content/EditorMeshes/Camera/SM_CraneRig_Arm.uexp" 674
"../../../Engine/Content/EditorMaterials/ParticleSystems/PSysThumbnail_OOD.ubulk" 675
"../../../Engine/Content/EditorMaterials/ParticleSystems/PSysThumbnail_OOD.uasset" 676
"../../../Engine/Content/EditorMaterials/ParticleSystems/PSysThumbnail_OOD.uexp" 677
"../../../Engine/Content/EditorMaterials/ParticleSystems/PSysThumbnail_NoImage.ubulk" 678
"../../../Engine/Content/EditorMaterials/ParticleSystems/PSysThumbnail_NoImage.uasset" 679
"../../../Engine/Content/EditorMaterials/ParticleSystems/PSysThumbnail_NoImage.uexp" 680
"../../../Engine/Content/EngineResources/FilmGrains/Marcie_Grain_v3_128_M2_000.uasset" 681
"../../../Engine/Content/EngineResources/FilmGrains/Marcie_Grain_v3_128_M2_000.uexp" 682
"../../../Engine/Content/EngineResources/Development/ZenLogo_64.uasset" 683
"../../../Engine/Content/EngineResources/Development/ZenLogo_64.uexp" 684
"../../../Engine/Content/EngineMaterials/LTC/Sheen_LTC.uasset" 685
"../../../Engine/Content/EngineMaterials/LTC/Sheen_LTC.uexp" 686
"../../../Engine/Content/EngineMaterials/LTC/GGX_LTCMat.uasset" 687
"../../../Engine/Content/EngineMaterials/LTC/GGX_LTCMat.uexp" 688
"../../../Engine/Content/EngineMaterials/LTC/GGX_LTCAmp.uasset" 689
"../../../Engine/Content/EngineMaterials/LTC/GGX_LTCAmp.uexp" 690
"../../../Engine/Content/EngineMaterials/EnergyConservation/Sheen_Energy.uasset" 691
"../../../Engine/Content/EngineMaterials/EnergyConservation/Sheen_Energy.uexp" 692
"../../../Engine/Content/EngineMaterials/EnergyConservation/SheenLegacy_Energy.uasset" 693
"../../../Engine/Content/EngineMaterials/EnergyConservation/SheenLegacy_Energy.uexp" 694
"../../../Engine/Content/EngineMaterials/EnergyConservation/GGX_TransmissionEnergyArray.uasset" 695
"../../../Engine/Content/EngineMaterials/EnergyConservation/GGX_TransmissionEnergyArray.uexp" 696
"../../../Engine/Content/EngineMaterials/EnergyConservation/GGX_ReflectionEnergy.uasset" 697
"../../../Engine/Content/EngineMaterials/EnergyConservation/GGX_ReflectionEnergy.uexp" 698
"../../../Engine/Content/EngineMaterials/EnergyConservation/Diffuse_Energy.uasset" 699
"../../../Engine/Content/EngineMaterials/EnergyConservation/Diffuse_Energy.uexp" 700
"../../../Engine/Content/EditorResources/SequenceRecorder/RecordingIndicator.uasset" 701
"../../../Engine/Content/EditorResources/SequenceRecorder/RecordingIndicator.uexp" 702
"../../../Engine/Content/EditorResources/SequenceRecorder/Countdown.uasset" 703
"../../../Engine/Content/EditorResources/SequenceRecorder/Countdown.uexp" 704
"../../../Engine/Content/VREditor/TransformGizmo/TranslucentTransformGizmoMaterial.uasset" 705
"../../../Engine/Content/VREditor/TransformGizmo/TranslucentTransformGizmoMaterial.uexp" 706
"../../../Engine/Content/VREditor/LaserPointer/VR_LaserPower_01.ubulk" 707
"../../../Engine/Content/VREditor/LaserPointer/VR_LaserPower_01.uasset" 708
"../../../Engine/Content/VREditor/LaserPointer/VR_LaserPower_01.uexp" 709
"../../../Engine/Content/VREditor/TransformGizmo/TransformGizmoMaterial.uasset" 710
"../../../Engine/Content/VREditor/TransformGizmo/TransformGizmoMaterial.uexp" 711
"../../../Engine/Content/VREditor/TransformGizmo/BoundingBoxEdge.ubulk" 712
"../../../Engine/Content/VREditor/TransformGizmo/BoundingBoxEdge.uasset" 713
"../../../Engine/Content/VREditor/TransformGizmo/BoundingBoxEdge.uexp" 714
"../../../Engine/Content/VREditor/TransformGizmo/BoundingBoxCorner.ubulk" 715
"../../../Engine/Content/VREditor/TransformGizmo/BoundingBoxCorner.uasset" 716
"../../../Engine/Content/VREditor/TransformGizmo/BoundingBoxCorner.uexp" 717
"../../../Engine/Content/EngineMaterials/BlendFunc_DefBlend.uasset" 718
"../../../Engine/Content/EngineMaterials/BlendFunc_DefBlend.uexp" 719
"../../../Engine/Content/EngineMaterials/BlendFunc_DefBase.uasset" 720
"../../../Engine/Content/EngineMaterials/BlendFunc_DefBase.uexp" 721
"../../../Engine/Content/Functions/Engine_MaterialFunctions03/Blends/Blend_Overlay.uasset" 722
"../../../Engine/Content/Functions/Engine_MaterialFunctions03/Blends/Blend_Overlay.uexp" 723
"../../../Engine/Content/OpenWorldTemplate/LandscapeMaterial/T_GridChecker_A.ubulk" 724
"../../../Engine/Content/OpenWorldTemplate/LandscapeMaterial/T_GridChecker_A.uasset" 725
"../../../Engine/Content/OpenWorldTemplate/LandscapeMaterial/T_GridChecker_A.uexp" 726
"../../../Engine/Content/Functions/Engine_MaterialFunctions01/Gradient/LinearGradient.uasset" 727
"../../../Engine/Content/Functions/Engine_MaterialFunctions01/Gradient/LinearGradient.uexp" 728
"../../../Engine/Content/Functions/Engine_MaterialFunctions01/ImageAdjustment/CheapContrast.uasset" 729
"../../../Engine/Content/Functions/Engine_MaterialFunctions01/ImageAdjustment/CheapContrast.uexp" 730
"../../../Engine/Content/OpenWorldTemplate/LandscapeMaterial/MF_ProcGrid.uasset" 731
"../../../Engine/Content/OpenWorldTemplate/LandscapeMaterial/MF_ProcGrid.uexp" 732
"../../../Engine/Content/OpenWorldTemplate/LandscapeMaterial/M_ProcGrid.uasset" 733
"../../../Engine/Content/OpenWorldTemplate/LandscapeMaterial/M_ProcGrid.uexp" 734
"../../../Engine/Plugins/Interchange/Assets/Content/gltf/Textures/T_White_srgb.uasset" 735
"../../../Engine/Plugins/Interchange/Assets/Content/gltf/Textures/T_White_srgb.uexp" 736
"../../../Engine/Plugins/Interchange/Assets/Content/gltf/MaterialFunctions/MF_BaseColor.uasset" 737
"../../../Engine/Plugins/Interchange/Assets/Content/gltf/MaterialFunctions/MF_BaseColor.uexp" 738
"../../../Engine/Plugins/Interchange/Assets/Content/gltf/MaterialFunctions/MF_RotateV2.uasset" 739
"../../../Engine/Plugins/Interchange/Assets/Content/gltf/MaterialFunctions/MF_RotateV2.uexp" 740
"../../../Engine/Plugins/Interchange/Assets/Content/gltf/MaterialFunctions/MF_TransformUVs.uasset" 741
"../../../Engine/Plugins/Interchange/Assets/Content/gltf/MaterialFunctions/MF_TransformUVs.uexp" 742
"../../../Engine/Plugins/Interchange/Assets/Content/gltf/MaterialBodies/MF_Unlit_Body.uasset" 743
"../../../Engine/Plugins/Interchange/Assets/Content/gltf/MaterialBodies/MF_Unlit_Body.uexp" 744
"../../../Engine/Plugins/Interchange/Assets/Content/gltf/M_Unlit.uasset" 745
"../../../Engine/Plugins/Interchange/Assets/Content/gltf/M_Unlit.uexp" 746
"../../../Engine/Plugins/Interchange/Assets/Content/gltf/MaterialInstances/MI_Unlit_Opaque_DS.uasset" 747
"../../../Engine/Plugins/Interchange/Assets/Content/gltf/MaterialInstances/MI_Unlit_Opaque_DS.uexp" 748
"../../../Engine/Plugins/Interchange/Assets/Content/gltf/MaterialInstances/MI_Unlit_Opaque.uasset" 749
"../../../Engine/Plugins/Interchange/Assets/Content/gltf/MaterialInstances/MI_Unlit_Opaque.uexp" 750
"../../../Engine/Plugins/Interchange/Assets/Content/gltf/MaterialInstances/MI_Unlit_Mask_DS.uasset" 751
"../../../Engine/Plugins/Interchange/Assets/Content/gltf/MaterialInstances/MI_Unlit_Mask_DS.uexp" 752
"../../../Engine/Plugins/Interchange/Assets/Content/gltf/MaterialInstances/MI_Unlit_Mask.uasset" 753
"../../../Engine/Plugins/Interchange/Assets/Content/gltf/MaterialInstances/MI_Unlit_Mask.uexp" 754
"../../../Engine/Plugins/Interchange/Assets/Content/gltf/MaterialInstances/MI_Unlit_Blend_DS.uasset" 755
"../../../Engine/Plugins/Interchange/Assets/Content/gltf/MaterialInstances/MI_Unlit_Blend_DS.uexp" 756
"../../../Engine/Plugins/Interchange/Assets/Content/gltf/MaterialInstances/MI_Unlit_Blend.uasset" 757
"../../../Engine/Plugins/Interchange/Assets/Content/gltf/MaterialInstances/MI_Unlit_Blend.uexp" 758
"../../../Engine/Content/EngineMaterials/Good64x64TilingNoiseHighFreq.uasset" 759
"../../../Engine/Content/EngineMaterials/Good64x64TilingNoiseHighFreq.uexp" 760
"../../../Engine/Content/Functions/Engine_MaterialFunctions02/Texturing/ScreenAlignedPixelToPixelUVs.uasset" 761
"../../../Engine/Content/Functions/Engine_MaterialFunctions02/Texturing/ScreenAlignedPixelToPixelUVs.uexp" 762
"../../../Engine/Plugins/Interchange/Assets/Content/Utilities/New_LUT.uasset" 763
"../../../Engine/Plugins/Interchange/Assets/Content/Utilities/New_LUT.uexp" 764
"../../../Engine/Content/Functions/Engine_MaterialFunctions03/Math/RemapValueRange.uasset" 765
"../../../Engine/Content/Functions/Engine_MaterialFunctions03/Math/RemapValueRange.uexp" 766
"../../../Engine/Plugins/Interchange/Assets/Content/Functions/MF_Iridescence.uasset" 767
"../../../Engine/Plugins/Interchange/Assets/Content/Functions/MF_Iridescence.uexp" 768
"../../../Engine/Plugins/Interchange/Assets/Content/gltf/MaterialFunctions/MF_Fresnel_DS.uasset" 769
"../../../Engine/Plugins/Interchange/Assets/Content/gltf/MaterialFunctions/MF_Fresnel_DS.uexp" 770
"../../../Engine/Plugins/Interchange/Assets/Content/gltf/MaterialFunctions/MF_IOR.uasset" 771
"../../../Engine/Plugins/Interchange/Assets/Content/gltf/MaterialFunctions/MF_IOR.uexp" 772
"../../../Engine/Plugins/Interchange/Assets/Content/gltf/MaterialFunctions/MF_Iridescence.uasset" 773
"../../../Engine/Plugins/Interchange/Assets/Content/gltf/MaterialFunctions/MF_Iridescence.uexp" 774
"../../../Engine/Plugins/Interchange/Assets/Content/gltf/Textures/T_White_Linear.uasset" 775
"../../../Engine/Plugins/Interchange/Assets/Content/gltf/Textures/T_White_Linear.uexp" 776
"../../../Engine/Plugins/Interchange/Assets/Content/gltf/MaterialFunctions/MF_MetallicRoughness.uasset" 777
"../../../Engine/Plugins/Interchange/Assets/Content/gltf/MaterialFunctions/MF_MetallicRoughness.uexp" 778
"../../../Engine/Content/Functions/Engine_MaterialFunctions02/Math/Transform3x3Matrix.uasset" 779
"../../../Engine/Content/Functions/Engine_MaterialFunctions02/Math/Transform3x3Matrix.uexp" 780
"../../../Engine/Plugins/Interchange/Assets/Content/gltf/MaterialFunctions/MF_RotateNormals_TS.uasset" 781
"../../../Engine/Plugins/Interchange/Assets/Content/gltf/MaterialFunctions/MF_RotateNormals_TS.uexp" 782
"../../../Engine/Plugins/Interchange/Assets/Content/gltf/MaterialFunctions/MF_ScaleNormal.uasset" 783
"../../../Engine/Plugins/Interchange/Assets/Content/gltf/MaterialFunctions/MF_ScaleNormal.uexp" 784
"../../../Engine/Plugins/Interchange/Assets/Content/gltf/Textures/T_Generic_N.uasset" 785
"../../../Engine/Plugins/Interchange/Assets/Content/gltf/Textures/T_Generic_N.uexp" 786
"../../../Engine/Plugins/Interchange/Assets/Content/gltf/MaterialFunctions/MF_Normals.uasset" 787
"../../../Engine/Plugins/Interchange/Assets/Content/gltf/MaterialFunctions/MF_Normals.uexp" 788
"../../../Engine/Plugins/Interchange/Assets/Content/gltf/MaterialFunctions/MF_Occlusion.uasset" 789
"../../../Engine/Plugins/Interchange/Assets/Content/gltf/MaterialFunctions/MF_Occlusion.uexp" 790
"../../../Engine/Plugins/Interchange/Assets/Content/gltf/MaterialFunctions/MF_Specular.uasset" 791
"../../../Engine/Plugins/Interchange/Assets/Content/gltf/MaterialFunctions/MF_Specular.uexp" 792
"../../../Engine/Plugins/Interchange/Assets/Content/gltf/Textures/T_Anisotropy_Direction_Linear.uasset" 793
"../../../Engine/Plugins/Interchange/Assets/Content/gltf/Textures/T_Anisotropy_Direction_Linear.uexp" 794
"../../../Engine/Plugins/Interchange/Assets/Content/gltf/MaterialFunctions/MF_SpecularAnisotropy.uasset" 795
"../../../Engine/Plugins/Interchange/Assets/Content/gltf/MaterialFunctions/MF_SpecularAnisotropy.uexp" 796
"../../../Engine/Plugins/Interchange/Assets/Content/gltf/MaterialFunctions/MF_Temporal_Blur.uasset" 797
"../../../Engine/Plugins/Interchange/Assets/Content/gltf/MaterialFunctions/MF_Temporal_Blur.uexp" 798
"../../../Engine/Plugins/Interchange/Assets/Content/gltf/MaterialFunctions/MF_Transmission.uasset" 799
"../../../Engine/Plugins/Interchange/Assets/Content/gltf/MaterialFunctions/MF_Transmission.uexp" 800
"../../../Engine/Plugins/Interchange/Assets/Content/gltf/MaterialBodies/MF_Transmission_Body.uasset" 801
"../../../Engine/Plugins/Interchange/Assets/Content/gltf/MaterialBodies/MF_Transmission_Body.uexp" 802
"../../../Engine/Plugins/Interchange/Assets/Content/gltf/M_Transmission.uasset" 803
"../../../Engine/Plugins/Interchange/Assets/Content/gltf/M_Transmission.uexp" 804
"../../../Engine/Plugins/Interchange/Assets/Content/gltf/MaterialInstances/MI_Transmission_DS.uasset" 805
"../../../Engine/Plugins/Interchange/Assets/Content/gltf/MaterialInstances/MI_Transmission_DS.uexp" 806
"../../../Engine/Plugins/Interchange/Assets/Content/gltf/MaterialInstances/MI_Transmission.uasset" 807
"../../../Engine/Plugins/Interchange/Assets/Content/gltf/MaterialInstances/MI_Transmission.uexp" 808
"../../../Engine/Content/Functions/Engine_MaterialFunctions02/Math/AddComponents.uasset" 809
"../../../Engine/Content/Functions/Engine_MaterialFunctions02/Math/AddComponents.uexp" 810
"../../../Engine/Plugins/Interchange/Assets/Content/gltf/MaterialFunctions/MF_DiffuseSpecGloss.uasset" 811
"../../../Engine/Plugins/Interchange/Assets/Content/gltf/MaterialFunctions/MF_DiffuseSpecGloss.uexp" 812
"../../../Engine/Plugins/Interchange/Assets/Content/gltf/MaterialFunctions/MF_Emissive.uasset" 813
"../../../Engine/Plugins/Interchange/Assets/Content/gltf/MaterialFunctions/MF_Emissive.uexp" 814
"../../../Engine/Plugins/Interchange/Assets/Content/gltf/MaterialFunctions/MF_MaxComponentValue.uasset" 815
"../../../Engine/Plugins/Interchange/Assets/Content/gltf/MaterialFunctions/MF_MaxComponentValue.uexp" 816
"../../../Engine/Plugins/Interchange/Assets/Content/gltf/MaterialFunctions/MF_PerceivedBrightness.uasset" 817
"../../../Engine/Plugins/Interchange/Assets/Content/gltf/MaterialFunctions/MF_PerceivedBrightness.uexp" 818
"../../../Engine/Plugins/Interchange/Assets/Content/gltf/MaterialFunctions/MF_SpecGlossToMetalRoughness.uasset" 819
"../../../Engine/Plugins/Interchange/Assets/Content/gltf/MaterialFunctions/MF_SpecGlossToMetalRoughness.uexp" 820
"../../../Engine/Plugins/Interchange/Assets/Content/gltf/MaterialBodies/MF_SpecularGlossiness_Body.uasset" 821
"../../../Engine/Plugins/Interchange/Assets/Content/gltf/MaterialBodies/MF_SpecularGlossiness_Body.uexp" 822
"../../../Engine/Plugins/Interchange/Assets/Content/gltf/M_SpecularGlossiness.uasset" 823
"../../../Engine/Plugins/Interchange/Assets/Content/gltf/M_SpecularGlossiness.uexp" 824
"../../../Engine/Plugins/Interchange/Assets/Content/gltf/MaterialInstances/MI_SpecularGlossiness_Opaque_DS.uasset" 825
"../../../Engine/Plugins/Interchange/Assets/Content/gltf/MaterialInstances/MI_SpecularGlossiness_Opaque_DS.uexp" 826
"../../../Engine/Plugins/Interchange/Assets/Content/gltf/MaterialInstances/MI_SpecularGlossiness_Opaque.uasset" 827
"../../../Engine/Plugins/Interchange/Assets/Content/gltf/MaterialInstances/MI_SpecularGlossiness_Opaque.uexp" 828
"../../../Engine/Plugins/Interchange/Assets/Content/gltf/MaterialInstances/MI_SpecularGlossiness_Mask_DS.uasset" 829
"../../../Engine/Plugins/Interchange/Assets/Content/gltf/MaterialInstances/MI_SpecularGlossiness_Mask_DS.uexp" 830
"../../../Engine/Plugins/Interchange/Assets/Content/gltf/MaterialInstances/MI_SpecularGlossiness_Mask.uasset" 831
"../../../Engine/Plugins/Interchange/Assets/Content/gltf/MaterialInstances/MI_SpecularGlossiness_Mask.uexp" 832
"../../../Engine/Plugins/Interchange/Assets/Content/gltf/MaterialInstances/MI_SpecularGlossiness_Blend_DS.uasset" 833
"../../../Engine/Plugins/Interchange/Assets/Content/gltf/MaterialInstances/MI_SpecularGlossiness_Blend_DS.uexp" 834
"../../../Engine/Plugins/Interchange/Assets/Content/gltf/MaterialInstances/MI_SpecularGlossiness_Blend.uasset" 835
"../../../Engine/Plugins/Interchange/Assets/Content/gltf/MaterialInstances/MI_SpecularGlossiness_Blend.uexp" 836
"../../../Engine/Plugins/Interchange/Assets/Content/gltf/MaterialFunctions/MF_Sheen.uasset" 837
"../../../Engine/Plugins/Interchange/Assets/Content/gltf/MaterialFunctions/MF_Sheen.uexp" 838
"../../../Engine/Plugins/Interchange/Assets/Content/gltf/MaterialBodies/MF_Sheen_Body.uasset" 839
"../../../Engine/Plugins/Interchange/Assets/Content/gltf/MaterialBodies/MF_Sheen_Body.uexp" 840
"../../../Engine/Plugins/Interchange/Assets/Content/gltf/M_Sheen.uasset" 841
"../../../Engine/Plugins/Interchange/Assets/Content/gltf/M_Sheen.uexp" 842
"../../../Engine/Plugins/Interchange/Assets/Content/gltf/MaterialInstances/MI_Sheen_Opaque_DS.uasset" 843
"../../../Engine/Plugins/Interchange/Assets/Content/gltf/MaterialInstances/MI_Sheen_Opaque_DS.uexp" 844
"../../../Engine/Plugins/Interchange/Assets/Content/gltf/MaterialInstances/MI_Sheen_Opaque.uasset" 845
"../../../Engine/Plugins/Interchange/Assets/Content/gltf/MaterialInstances/MI_Sheen_Opaque.uexp" 846
"../../../Engine/Plugins/Interchange/Assets/Content/gltf/MaterialInstances/MI_Sheen_Mask_DS.uasset" 847
"../../../Engine/Plugins/Interchange/Assets/Content/gltf/MaterialInstances/MI_Sheen_Mask_DS.uexp" 848
"../../../Engine/Plugins/Interchange/Assets/Content/gltf/MaterialInstances/MI_Sheen_Mask.uasset" 849
"../../../Engine/Plugins/Interchange/Assets/Content/gltf/MaterialInstances/MI_Sheen_Mask.uexp" 850
"../../../Engine/Plugins/Interchange/Assets/Content/gltf/MaterialInstances/MI_Sheen_Blend_DS.uasset" 851
"../../../Engine/Plugins/Interchange/Assets/Content/gltf/MaterialInstances/MI_Sheen_Blend_DS.uexp" 852
"../../../Engine/Plugins/Interchange/Assets/Content/gltf/MaterialInstances/MI_Sheen_Blend.uasset" 853
"../../../Engine/Plugins/Interchange/Assets/Content/gltf/MaterialInstances/MI_Sheen_Blend.uexp" 854
"../../../Engine/Plugins/Interchange/Assets/Content/gltf/MaterialBodies/MF_Default_Body.uasset" 855
"../../../Engine/Plugins/Interchange/Assets/Content/gltf/MaterialBodies/MF_Default_Body.uexp" 856
"../../../Engine/Plugins/Interchange/Assets/Content/gltf/M_Default.uasset" 857
"../../../Engine/Plugins/Interchange/Assets/Content/gltf/M_Default.uexp" 858
"../../../Engine/Plugins/Interchange/Assets/Content/gltf/MaterialInstances/MI_Default_Opaque_DS.uasset" 859
"../../../Engine/Plugins/Interchange/Assets/Content/gltf/MaterialInstances/MI_Default_Opaque_DS.uexp" 860
"../../../Engine/Plugins/Interchange/Assets/Content/gltf/MaterialInstances/MI_Default_Opaque.uasset" 861
"../../../Engine/Plugins/Interchange/Assets/Content/gltf/MaterialInstances/MI_Default_Opaque.uexp" 862
"../../../Engine/Plugins/Interchange/Assets/Content/gltf/MaterialInstances/MI_Default_Mask_DS.uasset" 863
"../../../Engine/Plugins/Interchange/Assets/Content/gltf/MaterialInstances/MI_Default_Mask_DS.uexp" 864
"../../../Engine/Plugins/Interchange/Assets/Content/gltf/MaterialInstances/MI_Default_Mask.uasset" 865
"../../../Engine/Plugins/Interchange/Assets/Content/gltf/MaterialInstances/MI_Default_Mask.uexp" 866
"../../../Engine/Plugins/Interchange/Assets/Content/gltf/MaterialInstances/MI_Default_Blend_DS.uasset" 867
"../../../Engine/Plugins/Interchange/Assets/Content/gltf/MaterialInstances/MI_Default_Blend_DS.uexp" 868
"../../../Engine/Plugins/Interchange/Assets/Content/gltf/MaterialInstances/MI_Default_Blend.uasset" 869
"../../../Engine/Plugins/Interchange/Assets/Content/gltf/MaterialInstances/MI_Default_Blend.uexp" 870
"../../../Engine/Content/Functions/Engine_MaterialFunctions01/Texturing/FlattenNormal.uasset" 871
"../../../Engine/Content/Functions/Engine_MaterialFunctions01/Texturing/FlattenNormal.uexp" 872
"../../../Engine/Plugins/Interchange/Assets/Content/gltf/MaterialFunctions/MF_Clearcoat.uasset" 873
"../../../Engine/Plugins/Interchange/Assets/Content/gltf/MaterialFunctions/MF_Clearcoat.uexp" 874
"../../../Engine/Plugins/Interchange/Assets/Content/gltf/MaterialBodies/MF_ClearCoat_Body.uasset" 875
"../../../Engine/Plugins/Interchange/Assets/Content/gltf/MaterialBodies/MF_ClearCoat_Body.uexp" 876
"../../../Engine/Plugins/Interchange/Assets/Content/gltf/M_ClearCoat.uasset" 877
"../../../Engine/Plugins/Interchange/Assets/Content/gltf/M_ClearCoat.uexp" 878
"../../../Engine/Plugins/Interchange/Assets/Content/gltf/MaterialInstances/MI_ClearCoat_Opaque_DS.uasset" 879
"../../../Engine/Plugins/Interchange/Assets/Content/gltf/MaterialInstances/MI_ClearCoat_Opaque_DS.uexp" 880
"../../../Engine/Plugins/Interchange/Assets/Content/gltf/MaterialInstances/MI_ClearCoat_Opaque.uasset" 881
"../../../Engine/Plugins/Interchange/Assets/Content/gltf/MaterialInstances/MI_ClearCoat_Opaque.uexp" 882
"../../../Engine/Plugins/Interchange/Assets/Content/gltf/MaterialInstances/MI_ClearCoat_Mask_DS.uasset" 883
"../../../Engine/Plugins/Interchange/Assets/Content/gltf/MaterialInstances/MI_ClearCoat_Mask_DS.uexp" 884
"../../../Engine/Plugins/Interchange/Assets/Content/gltf/MaterialInstances/MI_ClearCoat_Mask.uasset" 885
"../../../Engine/Plugins/Interchange/Assets/Content/gltf/MaterialInstances/MI_ClearCoat_Mask.uexp" 886
"../../../Engine/Plugins/Interchange/Assets/Content/gltf/MaterialInstances/MI_ClearCoat_Blend_DS.uasset" 887
"../../../Engine/Plugins/Interchange/Assets/Content/gltf/MaterialInstances/MI_ClearCoat_Blend_DS.uexp" 888
"../../../Engine/Plugins/Interchange/Assets/Content/gltf/MaterialInstances/MI_ClearCoat_Blend.uasset" 889
"../../../Engine/Plugins/Interchange/Assets/Content/gltf/MaterialInstances/MI_ClearCoat_Blend.uexp" 890
"../../../Engine/Content/EngineMaterials/Substrate/Volume/SubstrateSimpleVolumeLUT3D.uasset" 891
"../../../Engine/Content/EngineMaterials/Substrate/Volume/SubstrateSimpleVolumeLUT3D.uexp" 892
"../../../Engine/Content/EngineMaterials/Substrate/Volume/SubstrateSimpleVolumeEnvLUT3D.uasset" 893
"../../../Engine/Content/EngineMaterials/Substrate/Volume/SubstrateSimpleVolumeEnvLUT3D.uexp" 894
"../../../Engine/Content/EngineMaterials/Substrate/Glints2/AGlintTex2dArray2.uasset" 895
"../../../Engine/Content/EngineMaterials/Substrate/Glints2/AGlintTex2dArray2.uexp" 896
"../../../Engine/Content/EngineMaterials/Substrate/GLints/AGlintTex2dArray.uasset" 897
"../../../Engine/Content/EngineMaterials/Substrate/GLints/AGlintTex2dArray.uexp" 898
"../../../Engine/Content/ArtTools/RenderToTexture/Meshes/S_1_Unit_Plane.ubulk" 899
"../../../Engine/Content/ArtTools/RenderToTexture/Meshes/S_1_Unit_Plane.uasset" 900
"../../../Engine/Content/ArtTools/RenderToTexture/Meshes/S_1_Unit_Plane.uexp" 901
"../../../Engine/Content/Functions/Engine_MaterialFunctions01/Shading/PowerToRoughness.uasset" 902
"../../../Engine/Content/Functions/Engine_MaterialFunctions01/Shading/PowerToRoughness.uexp" 903
"../../../Engine/Content/Functions/Engine_MaterialFunctions01/Shading/ConvertFromDiffSpec.uasset" 904
"../../../Engine/Content/Functions/Engine_MaterialFunctions01/Shading/ConvertFromDiffSpec.uexp" 905
"../../../Engine/Content/VREditor/Sounds/UI/Drop_Item_From_ContentBrowser.ubulk" 906
"../../../Engine/Content/VREditor/Sounds/UI/Drop_Item_From_ContentBrowser.uasset" 907
"../../../Engine/Content/VREditor/Sounds/UI/Drop_Item_From_ContentBrowser.uexp" 908
"../../../Engine/Content/VREditor/TransformGizmo/TransformGizmoMaterial_Inst.uasset" 909
"../../../Engine/Content/VREditor/TransformGizmo/TransformGizmoMaterial_Inst.uexp" 910
"../../../Engine/Content/VREditor/TransformGizmo/TranslucentTransformGizmoMaterial_Inst.uasset" 911
"../../../Engine/Content/VREditor/TransformGizmo/TranslucentTransformGizmoMaterial_Inst.uexp" 912
"../../../Engine/Content/Functions/Engine_MaterialFunctions02/SplitComponents.uasset" 913
"../../../Engine/Content/Functions/Engine_MaterialFunctions02/SplitComponents.uexp" 914
"../../../Engine/Content/VREditor/SnapGrid/SnapGridMaterial.uasset" 915
"../../../Engine/Content/VREditor/SnapGrid/SnapGridMaterial.uexp" 916
"../../../Engine/Content/VREditor/SnapGrid/SnapGridPlaneMesh.ubulk" 917
"../../../Engine/Content/VREditor/SnapGrid/SnapGridPlaneMesh.uasset" 918
"../../../Engine/Content/VREditor/SnapGrid/SnapGridPlaneMesh.uexp" 919
"../../../Engine/Content/VREditor/Sounds/UI/Gizmo_Handle_Clicked.ubulk" 920
"../../../Engine/Content/VREditor/Sounds/UI/Gizmo_Handle_Clicked.uasset" 921
"../../../Engine/Content/VREditor/Sounds/UI/Gizmo_Handle_Clicked.uexp" 922
"../../../Engine/Content/VREditor/Sounds/UI/Object_PickUp.ubulk" 923
"../../../Engine/Content/VREditor/Sounds/UI/Object_PickUp.uasset" 924
"../../../Engine/Content/VREditor/Sounds/UI/Object_PickUp.uexp" 925
"../../../Engine/Content/VREditor/Sounds/UI/Object_Snaps_To_Another_Actor.ubulk" 926
"../../../Engine/Content/VREditor/Sounds/UI/Object_Snaps_To_Another_Actor.uasset" 927
"../../../Engine/Content/VREditor/Sounds/UI/Object_Snaps_To_Another_Actor.uexp" 928
"../../../Engine/Content/VREditor/Sounds/UI/Object_Snaps_To_Grid.ubulk" 929
"../../../Engine/Content/VREditor/Sounds/UI/Object_Snaps_To_Grid.uasset" 930
"../../../Engine/Content/VREditor/Sounds/UI/Object_Snaps_To_Grid.uexp" 931
"../../../Engine/Content/VREditor/Sounds/UI/Scaling_Down.ubulk" 932
"../../../Engine/Content/VREditor/Sounds/UI/Scaling_Down.uasset" 933
"../../../Engine/Content/VREditor/Sounds/UI/Scaling_Down.uexp" 934
"../../../Engine/Content/VREditor/Sounds/UI/Scaling_Up.ubulk" 935
"../../../Engine/Content/VREditor/Sounds/UI/Scaling_Up.uasset" 936
"../../../Engine/Content/VREditor/Sounds/UI/Scaling_Up.uexp" 937
"../../../Engine/Content/VREditor/Sounds/UI/Selection_Changes.ubulk" 938
"../../../Engine/Content/VREditor/Sounds/UI/Selection_Changes.uasset" 939
"../../../Engine/Content/VREditor/Sounds/UI/Selection_Changes.uexp" 940
"../../../Engine/Content/VREditor/TransformGizmo/PlaneTranslationHandle.ubulk" 941
"../../../Engine/Content/VREditor/TransformGizmo/PlaneTranslationHandle.uasset" 942
"../../../Engine/Content/VREditor/TransformGizmo/PlaneTranslationHandle.uexp" 943
"../../../Engine/Content/VREditor/TransformGizmo/RotationHandleFull.ubulk" 944
"../../../Engine/Content/VREditor/TransformGizmo/RotationHandleFull.uasset" 945
"../../../Engine/Content/VREditor/TransformGizmo/RotationHandleFull.uexp" 946
"../../../Engine/Content/VREditor/TransformGizmo/RotationHandleIndicator.ubulk" 947
"../../../Engine/Content/VREditor/TransformGizmo/RotationHandleIndicator.uasset" 948
"../../../Engine/Content/VREditor/TransformGizmo/RotationHandleIndicator.uexp" 949
"../../../Engine/Content/VREditor/TransformGizmo/RotationHandleQuarter.ubulk" 950
"../../../Engine/Content/VREditor/TransformGizmo/RotationHandleQuarter.uasset" 951
"../../../Engine/Content/VREditor/TransformGizmo/RotationHandleQuarter.uexp" 952
"../../../Engine/Content/VREditor/TransformGizmo/StartRotationHandleIndicator.ubulk" 953
"../../../Engine/Content/VREditor/TransformGizmo/StartRotationHandleIndicator.uasset" 954
"../../../Engine/Content/VREditor/TransformGizmo/StartRotationHandleIndicator.uexp" 955
"../../../Engine/Content/VREditor/TransformGizmo/TransformGizmoFreeRotation.ubulk" 956
"../../../Engine/Content/VREditor/TransformGizmo/TransformGizmoFreeRotation.uasset" 957
"../../../Engine/Content/VREditor/TransformGizmo/TransformGizmoFreeRotation.uexp" 958
"../../../Engine/Content/VREditor/TransformGizmo/TranslateArrowHandle.ubulk" 959
"../../../Engine/Content/VREditor/TransformGizmo/TranslateArrowHandle.uasset" 960
"../../../Engine/Content/VREditor/TransformGizmo/TranslateArrowHandle.uexp" 961
"../../../Engine/Content/VREditor/TransformGizmo/UniformScaleHandle.ubulk" 962
"../../../Engine/Content/VREditor/TransformGizmo/UniformScaleHandle.uasset" 963
"../../../Engine/Content/VREditor/TransformGizmo/UniformScaleHandle.uexp" 964
"../../../Engine/Plugins/Animation/DeformerGraph/Content/DeformerFunctions/DG_Function_LinearBlendSkin_Morph_Cloth.uasset" 965
"../../../Engine/Plugins/Animation/DeformerGraph/Content/DeformerFunctions/DG_Function_LinearBlendSkin_Morph_Cloth.uexp" 966
"../../../Engine/Plugins/Animation/DeformerGraph/Content/Deformers/DG_LinearBlendSkin_Morph_Cloth.uasset" 967
"../../../Engine/Plugins/Animation/DeformerGraph/Content/Deformers/DG_LinearBlendSkin_Morph_Cloth.uexp" 968
"../../../Engine/Plugins/Animation/DeformerGraph/Content/DeformerFunctions/DG_Function_LinearBlendSkin_Morph_Cloth_PositionOnly.uasset" 969
"../../../Engine/Plugins/Animation/DeformerGraph/Content/DeformerFunctions/DG_Function_LinearBlendSkin_Morph_Cloth_PositionOnly.uexp" 970
"../../../Engine/Plugins/Animation/DeformerGraph/Content/DeformerFunctions/DG_Function_ComputeNormalsTangents.uasset" 971
"../../../Engine/Plugins/Animation/DeformerGraph/Content/DeformerFunctions/DG_Function_ComputeNormalsTangents.uexp" 972
"../../../Engine/Plugins/Animation/DeformerGraph/Content/Deformers/DG_LinearBlendSkin_Morph_Cloth_RecomputeNormals.uasset" 973
"../../../Engine/Plugins/Animation/DeformerGraph/Content/Deformers/DG_LinearBlendSkin_Morph_Cloth_RecomputeNormals.uexp" 974
"../../../Engine/Plugins/NNE/NNEDenoiser/Content/NNEDT_Oidn2-3_Balanced.uasset" 975
"../../../Engine/Plugins/NNE/NNEDenoiser/Content/NNEDT_Oidn2-3_Balanced.uexp" 976
"../../../Engine/Plugins/NNE/NNEDenoiser/Content/NNEDT_Oidn2-3_Balanced_Alpha.uasset" 977
"../../../Engine/Plugins/NNE/NNEDenoiser/Content/NNEDT_Oidn2-3_Balanced_Alpha.uexp" 978
"../../../Engine/Plugins/NNE/NNEDenoiser/Content/NNED_Oidn2-3_Balanced.uasset" 979
"../../../Engine/Plugins/NNE/NNEDenoiser/Content/NNED_Oidn2-3_Balanced.uexp" 980
"../../../Engine/Plugins/NNE/NNEDenoiser/Content/NNED_Oidn2-3_Balanced_Alpha.uasset" 981
"../../../Engine/Plugins/NNE/NNEDenoiser/Content/NNED_Oidn2-3_Balanced_Alpha.uexp" 982
"../../../Engine/Plugins/NNE/NNEDenoiser/Content/NNED_Oidn2-3_Fast.uasset" 983
"../../../Engine/Plugins/NNE/NNEDenoiser/Content/NNED_Oidn2-3_Fast.uexp" 984
"../../../Engine/Plugins/NNE/NNEDenoiser/Content/NNED_Oidn2-3_Fast_Alpha.uasset" 985
"../../../Engine/Plugins/NNE/NNEDenoiser/Content/NNED_Oidn2-3_Fast_Alpha.uexp" 986
"../../../Engine/Plugins/NNE/NNEDenoiser/Content/NNED_Oidn2-3_HighQuality.uasset" 987
"../../../Engine/Plugins/NNE/NNEDenoiser/Content/NNED_Oidn2-3_HighQuality.uexp" 988
"../../../Engine/Plugins/NNE/NNEDenoiser/Content/NNED_Oidn2-3_HighQuality_Alpha.uasset" 989
"../../../Engine/Plugins/NNE/NNEDenoiser/Content/NNED_Oidn2-3_HighQuality_Alpha.uexp" 990
"../../../Engine/Content/Maps/Entry_BuiltData.uasset" 991
"../../../Engine/Content/Maps/Entry_BuiltData.uexp" 992
"../../../Engine/Content/Maps/Entry.uexp" 993
"../../../Engine/Content/Maps/Entry.umap" 994
"D:/Unreal/CrazyBingo/Content/kenney_ui-pack/CrazyBingo_Background.uasset" 995
"D:/Unreal/CrazyBingo/Content/kenney_ui-pack/CrazyBingo_Background.uexp" 996
"D:/Unreal/CrazyBingo/Content/kenney_ui-pack/Font/CookieRun_Black.uexp" 997
"D:/Unreal/CrazyBingo/Content/kenney_ui-pack/Font/CookieRun_Black.uasset" 998
"D:/Unreal/CrazyBingo/Content/kenney_ui-pack/Font/CookieRun_Black.ufont" 999
"D:/Unreal/CrazyBingo/Content/kenney_ui-pack/Font/CookieRun_Black_Font.uasset" 1000
"D:/Unreal/CrazyBingo/Content/kenney_ui-pack/Font/CookieRun_Black_Font.uexp" 1001
"D:/Unreal/CrazyBingo/Content/kenney_ui-pack/Font/CookieRun_Bold.uexp" 1002
"D:/Unreal/CrazyBingo/Content/kenney_ui-pack/Font/CookieRun_Bold.uasset" 1003
"D:/Unreal/CrazyBingo/Content/kenney_ui-pack/Font/CookieRun_Bold.ufont" 1004
"D:/Unreal/CrazyBingo/Content/kenney_ui-pack/Font/CookieRun_Bold_Font.uasset" 1005
"D:/Unreal/CrazyBingo/Content/kenney_ui-pack/Font/CookieRun_Bold_Font.uexp" 1006
"D:/Unreal/CrazyBingo/Content/CB/Material/M_UI_Neon_02.uasset" 1007
"D:/Unreal/CrazyBingo/Content/CB/Material/M_UI_Neon_02.uexp" 1008
"D:/Unreal/CrazyBingo/Content/CB/Material/MI_UI_Neon_02.uasset" 1009
"D:/Unreal/CrazyBingo/Content/CB/Material/MI_UI_Neon_02.uexp" 1010
"D:/Unreal/CrazyBingo/Content/CB/UI/WBP_ResultPopup.uasset" 1011
"D:/Unreal/CrazyBingo/Content/CB/UI/WBP_ResultPopup.uexp" 1012
"D:/Unreal/CrazyBingo/Content/CB/UI/WBP_QuestionBoard.uasset" 1013
"D:/Unreal/CrazyBingo/Content/CB/UI/WBP_QuestionBoard.uexp" 1014
"D:/Unreal/CrazyBingo/Content/CB/UI/WBP_BingoScoreBoard.uasset" 1015
"D:/Unreal/CrazyBingo/Content/CB/UI/WBP_BingoScoreBoard.uexp" 1016
"D:/Unreal/CrazyBingo/Content/CB/UI/WBP_BingoCell.uasset" 1017
"D:/Unreal/CrazyBingo/Content/CB/UI/WBP_BingoCell.uexp" 1018
"D:/Unreal/CrazyBingo/Content/CB/UI/WBP_BingoBoard.uasset" 1019
"D:/Unreal/CrazyBingo/Content/CB/UI/WBP_BingoBoard.uexp" 1020
"D:/Unreal/CrazyBingo/Content/kenney_ui-pack/PNG/Green/Double/button_rectangle_flat.uasset" 1021
"D:/Unreal/CrazyBingo/Content/kenney_ui-pack/PNG/Green/Double/button_rectangle_flat.uexp" 1022
"D:/Unreal/CrazyBingo/Content/CB/UI/WBP_OptionPopUp.uasset" 1023
"D:/Unreal/CrazyBingo/Content/CB/UI/WBP_OptionPopUp.uexp" 1024
"D:/Unreal/CrazyBingo/Content/CB/UI/WBP_SaveSlotRow.uasset" 1025
"D:/Unreal/CrazyBingo/Content/CB/UI/WBP_SaveSlotRow.uexp" 1026
"D:/Unreal/CrazyBingo/Content/CB/UI/WBP_HostPanel.uasset" 1027
"D:/Unreal/CrazyBingo/Content/CB/UI/WBP_HostPanel.uexp" 1028
"D:/Unreal/CrazyBingo/Content/CB/UI/WBP_GameSetup.uasset" 1029
"D:/Unreal/CrazyBingo/Content/CB/UI/WBP_GameSetup.uexp" 1030
"D:/Unreal/CrazyBingo/Content/CB/UI/WBP_SaveDialog.uasset" 1031
"D:/Unreal/CrazyBingo/Content/CB/UI/WBP_SaveDialog.uexp" 1032
"D:/Unreal/CrazyBingo/Content/CB/UI/WBP_QuestionListRow.uasset" 1033
"D:/Unreal/CrazyBingo/Content/CB/UI/WBP_QuestionListRow.uexp" 1034
"D:/Unreal/CrazyBingo/Content/CB/UI/WBP_AddQuestion.uasset" 1035
"D:/Unreal/CrazyBingo/Content/CB/UI/WBP_AddQuestion.uexp" 1036
"D:/Unreal/CrazyBingo/Content/CB/UI/WBP_MainMenu.uasset" 1037
"D:/Unreal/CrazyBingo/Content/CB/UI/WBP_MainMenu.uexp" 1038
"D:/Unreal/CrazyBingo/Content/CB/GameMode/BP_MainModeGameMode.uasset" 1039
"D:/Unreal/CrazyBingo/Content/CB/GameMode/BP_MainModeGameMode.uexp" 1040
"D:/Unreal/CrazyBingo/Content/CB/Level/MainMenuLevel.uexp" 1041
"D:/Unreal/CrazyBingo/Content/CB/Level/MainMenuLevel.umap" 1042
"D:/Unreal/CrazyBingo/Content/CB/GameMode/BP_GameMode.uasset" 1043
"D:/Unreal/CrazyBingo/Content/CB/GameMode/BP_GameMode.uexp" 1044
"D:/Unreal/CrazyBingo/Content/CB/Level/BingoLevel.uexp" 1045
"D:/Unreal/CrazyBingo/Content/CB/Level/BingoLevel.ubulk" 1046
"D:/Unreal/CrazyBingo/Content/CB/Level/BingoLevel.umap" 1047
"D:/Unreal/CrazyBingo/Content/CB/Level/BingoLevel/_Generated_/AOH3JNESLH2L22S2IY44X4NTW.uexp" 1048
"D:/Unreal/CrazyBingo/Content/CB/Level/BingoLevel/_Generated_/AOH3JNESLH2L22S2IY44X4NTW.ubulk" 1049
"D:/Unreal/CrazyBingo/Content/CB/Level/BingoLevel/_Generated_/AOH3JNESLH2L22S2IY44X4NTW.umap" 1050
"D:/Unreal/CrazyBingo/Content/CB/Level/BingoLevel/_Generated_/B8YVYBPBDMMMU6OVHOYLCKV0J.uexp" 1051
"D:/Unreal/CrazyBingo/Content/CB/Level/BingoLevel/_Generated_/B8YVYBPBDMMMU6OVHOYLCKV0J.ubulk" 1052
"D:/Unreal/CrazyBingo/Content/CB/Level/BingoLevel/_Generated_/B8YVYBPBDMMMU6OVHOYLCKV0J.umap" 1053
"D:/Unreal/CrazyBingo/Content/CB/Level/BingoLevel/_Generated_/CLSXCJD4IRVAE1CY0S755KR0G.uexp" 1054
"D:/Unreal/CrazyBingo/Content/CB/Level/BingoLevel/_Generated_/CLSXCJD4IRVAE1CY0S755KR0G.ubulk" 1055
"D:/Unreal/CrazyBingo/Content/CB/Level/BingoLevel/_Generated_/CLSXCJD4IRVAE1CY0S755KR0G.umap" 1056
"D:/Unreal/CrazyBingo/Content/CB/Level/BingoLevel/_Generated_/C7ZVPDIYDJGUKEPLXEQ4AM2FZ.uexp" 1057
"D:/Unreal/CrazyBingo/Content/CB/Level/BingoLevel/_Generated_/C7ZVPDIYDJGUKEPLXEQ4AM2FZ.ubulk" 1058
"D:/Unreal/CrazyBingo/Content/CB/Level/BingoLevel/_Generated_/C7ZVPDIYDJGUKEPLXEQ4AM2FZ.umap" 1059
"D:/Unreal/CrazyBingo/Content/CB/Level/BingoLevel/_Generated_/710UGR2XHZ6RLEV29B19JZSJU.uexp" 1060
"D:/Unreal/CrazyBingo/Content/CB/Level/BingoLevel/_Generated_/710UGR2XHZ6RLEV29B19JZSJU.ubulk" 1061
"D:/Unreal/CrazyBingo/Content/CB/Level/BingoLevel/_Generated_/710UGR2XHZ6RLEV29B19JZSJU.umap" 1062
"D:/Unreal/CrazyBingo/Content/CB/Level/BingoLevel/_Generated_/BTED38L8REKYKURCLVX9WO39V.uexp" 1063
"D:/Unreal/CrazyBingo/Content/CB/Level/BingoLevel/_Generated_/BTED38L8REKYKURCLVX9WO39V.ubulk" 1064
"D:/Unreal/CrazyBingo/Content/CB/Level/BingoLevel/_Generated_/BTED38L8REKYKURCLVX9WO39V.umap" 1065
"D:/Unreal/CrazyBingo/Content/CB/Level/BingoLevel/_Generated_/E4NRYP25I7TEK186YUCXBKOZN.uexp" 1066
"D:/Unreal/CrazyBingo/Content/CB/Level/BingoLevel/_Generated_/E4NRYP25I7TEK186YUCXBKOZN.ubulk" 1067
"D:/Unreal/CrazyBingo/Content/CB/Level/BingoLevel/_Generated_/E4NRYP25I7TEK186YUCXBKOZN.umap" 1068
"D:/Unreal/CrazyBingo/Content/CB/Level/BingoLevel/_Generated_/8IEZ38OM2VQCAHOUAPBOOQ5OA.uexp" 1069
"D:/Unreal/CrazyBingo/Content/CB/Level/BingoLevel/_Generated_/8IEZ38OM2VQCAHOUAPBOOQ5OA.ubulk" 1070
"D:/Unreal/CrazyBingo/Content/CB/Level/BingoLevel/_Generated_/8IEZ38OM2VQCAHOUAPBOOQ5OA.umap" 1071
"D:/Unreal/CrazyBingo/Content/CB/Level/BingoLevel/_Generated_/28XZGJ9AF8IPYV3THQ3XYUYDT.uexp" 1072
"D:/Unreal/CrazyBingo/Content/CB/Level/BingoLevel/_Generated_/28XZGJ9AF8IPYV3THQ3XYUYDT.ubulk" 1073
"D:/Unreal/CrazyBingo/Content/CB/Level/BingoLevel/_Generated_/28XZGJ9AF8IPYV3THQ3XYUYDT.umap" 1074
"D:/Unreal/CrazyBingo/Content/CB/Level/BingoLevel/_Generated_/8ZM7KC1EIZNZBL5ZSN9XSE703.uexp" 1075
"D:/Unreal/CrazyBingo/Content/CB/Level/BingoLevel/_Generated_/8ZM7KC1EIZNZBL5ZSN9XSE703.ubulk" 1076
"D:/Unreal/CrazyBingo/Content/CB/Level/BingoLevel/_Generated_/8ZM7KC1EIZNZBL5ZSN9XSE703.umap" 1077
"D:/Unreal/CrazyBingo/Content/CB/Level/BingoLevel/_Generated_/75SS6LOSRGY050A87RLO7WFA0.uexp" 1078
"D:/Unreal/CrazyBingo/Content/CB/Level/BingoLevel/_Generated_/75SS6LOSRGY050A87RLO7WFA0.ubulk" 1079
"D:/Unreal/CrazyBingo/Content/CB/Level/BingoLevel/_Generated_/75SS6LOSRGY050A87RLO7WFA0.umap" 1080
"D:/Unreal/CrazyBingo/Content/CB/Level/BingoLevel/_Generated_/09PQ3QZ77J17ZPD3AT0B5J13B.uexp" 1081
"D:/Unreal/CrazyBingo/Content/CB/Level/BingoLevel/_Generated_/09PQ3QZ77J17ZPD3AT0B5J13B.ubulk" 1082
"D:/Unreal/CrazyBingo/Content/CB/Level/BingoLevel/_Generated_/09PQ3QZ77J17ZPD3AT0B5J13B.umap" 1083
"D:/Unreal/CrazyBingo/Content/CB/Level/BingoLevel/_Generated_/AADH800AI9UBJRRK7OR6TT9GO.uexp" 1084
"D:/Unreal/CrazyBingo/Content/CB/Level/BingoLevel/_Generated_/AADH800AI9UBJRRK7OR6TT9GO.ubulk" 1085
"D:/Unreal/CrazyBingo/Content/CB/Level/BingoLevel/_Generated_/AADH800AI9UBJRRK7OR6TT9GO.umap" 1086
"D:/Unreal/CrazyBingo/Content/CB/Level/BingoLevel/_Generated_/238P0D51W98X16GKJIN57R752.uexp" 1087
"D:/Unreal/CrazyBingo/Content/CB/Level/BingoLevel/_Generated_/238P0D51W98X16GKJIN57R752.ubulk" 1088
"D:/Unreal/CrazyBingo/Content/CB/Level/BingoLevel/_Generated_/238P0D51W98X16GKJIN57R752.umap" 1089
"D:/Unreal/CrazyBingo/Content/CB/Level/BingoLevel/_Generated_/2BCWXKLRIKM59PBLQ5IG6KIA9.uexp" 1090
"D:/Unreal/CrazyBingo/Content/CB/Level/BingoLevel/_Generated_/2BCWXKLRIKM59PBLQ5IG6KIA9.ubulk" 1091
"D:/Unreal/CrazyBingo/Content/CB/Level/BingoLevel/_Generated_/2BCWXKLRIKM59PBLQ5IG6KIA9.umap" 1092
"D:/Unreal/CrazyBingo/Content/CB/Level/BingoLevel/_Generated_/AM57QDXZWFCOYK0PMUIWB2UF3.uexp" 1093
"D:/Unreal/CrazyBingo/Content/CB/Level/BingoLevel/_Generated_/AM57QDXZWFCOYK0PMUIWB2UF3.ubulk" 1094
"D:/Unreal/CrazyBingo/Content/CB/Level/BingoLevel/_Generated_/AM57QDXZWFCOYK0PMUIWB2UF3.umap" 1095
"D:/Unreal/CrazyBingo/Content/CB/Level/BingoLevel/_Generated_/DETI78HTCAR1PTZBWUMIPOM3K.uexp" 1096
"D:/Unreal/CrazyBingo/Content/CB/Level/BingoLevel/_Generated_/DETI78HTCAR1PTZBWUMIPOM3K.ubulk" 1097
"D:/Unreal/CrazyBingo/Content/CB/Level/BingoLevel/_Generated_/DETI78HTCAR1PTZBWUMIPOM3K.umap" 1098
"D:/Unreal/CrazyBingo/Content/CB/Level/BingoLevel/_Generated_/3O2MZL3A9FV6XSWKRXBD64M8L.uexp" 1099
"D:/Unreal/CrazyBingo/Content/CB/Level/BingoLevel/_Generated_/3O2MZL3A9FV6XSWKRXBD64M8L.ubulk" 1100
"D:/Unreal/CrazyBingo/Content/CB/Level/BingoLevel/_Generated_/3O2MZL3A9FV6XSWKRXBD64M8L.umap" 1101
"D:/Unreal/CrazyBingo/Content/CB/Level/BingoLevel/_Generated_/7NAPH6YXWDY0OCLCFGVTHI3QQ.uexp" 1102
"D:/Unreal/CrazyBingo/Content/CB/Level/BingoLevel/_Generated_/7NAPH6YXWDY0OCLCFGVTHI3QQ.ubulk" 1103
"D:/Unreal/CrazyBingo/Content/CB/Level/BingoLevel/_Generated_/7NAPH6YXWDY0OCLCFGVTHI3QQ.umap" 1104
"D:/Unreal/CrazyBingo/Content/CB/Level/BingoLevel/_Generated_/0D67J34XV1ML8U3G63ZGQKOTB.uexp" 1105
"D:/Unreal/CrazyBingo/Content/CB/Level/BingoLevel/_Generated_/0D67J34XV1ML8U3G63ZGQKOTB.ubulk" 1106
"D:/Unreal/CrazyBingo/Content/CB/Level/BingoLevel/_Generated_/0D67J34XV1ML8U3G63ZGQKOTB.umap" 1107
"D:/Unreal/CrazyBingo/Content/CB/Level/BingoLevel/_Generated_/6418387LXQN52H6SCBBVN7JTA.uexp" 1108
"D:/Unreal/CrazyBingo/Content/CB/Level/BingoLevel/_Generated_/6418387LXQN52H6SCBBVN7JTA.ubulk" 1109
"D:/Unreal/CrazyBingo/Content/CB/Level/BingoLevel/_Generated_/6418387LXQN52H6SCBBVN7JTA.umap" 1110
"D:/Unreal/CrazyBingo/Content/CB/Level/BingoLevel/_Generated_/7KYLM30GO5KGACQDAAFUW24HY.uexp" 1111
"D:/Unreal/CrazyBingo/Content/CB/Level/BingoLevel/_Generated_/7KYLM30GO5KGACQDAAFUW24HY.ubulk" 1112
"D:/Unreal/CrazyBingo/Content/CB/Level/BingoLevel/_Generated_/7KYLM30GO5KGACQDAAFUW24HY.umap" 1113
"D:/Unreal/CrazyBingo/Content/CB/Level/BingoLevel/_Generated_/10EOM7VL6GFW0IJQTYH0VW87B.uexp" 1114
"D:/Unreal/CrazyBingo/Content/CB/Level/BingoLevel/_Generated_/10EOM7VL6GFW0IJQTYH0VW87B.ubulk" 1115
"D:/Unreal/CrazyBingo/Content/CB/Level/BingoLevel/_Generated_/10EOM7VL6GFW0IJQTYH0VW87B.umap" 1116
"D:/Unreal/CrazyBingo/Content/CB/Level/BingoLevel/_Generated_/3EXJ1WNSO8O4VZPZCHPRXPNLD.uexp" 1117
"D:/Unreal/CrazyBingo/Content/CB/Level/BingoLevel/_Generated_/3EXJ1WNSO8O4VZPZCHPRXPNLD.ubulk" 1118
"D:/Unreal/CrazyBingo/Content/CB/Level/BingoLevel/_Generated_/3EXJ1WNSO8O4VZPZCHPRXPNLD.umap" 1119
"D:/Unreal/CrazyBingo/Content/CB/Level/BingoLevel/_Generated_/24SMQVZU8ZKU0S8BTAAMG4NU7.uexp" 1120
"D:/Unreal/CrazyBingo/Content/CB/Level/BingoLevel/_Generated_/24SMQVZU8ZKU0S8BTAAMG4NU7.ubulk" 1121
"D:/Unreal/CrazyBingo/Content/CB/Level/BingoLevel/_Generated_/24SMQVZU8ZKU0S8BTAAMG4NU7.umap" 1122
"D:/Unreal/CrazyBingo/Content/CB/Level/BingoLevel/_Generated_/A9AURITUZP2CZGOACKF8X0D3T.uexp" 1123
"D:/Unreal/CrazyBingo/Content/CB/Level/BingoLevel/_Generated_/A9AURITUZP2CZGOACKF8X0D3T.ubulk" 1124
"D:/Unreal/CrazyBingo/Content/CB/Level/BingoLevel/_Generated_/A9AURITUZP2CZGOACKF8X0D3T.umap" 1125
"D:/Unreal/CrazyBingo/Content/CB/Level/BingoLevel/_Generated_/0EUSORW8DRQC5MTNS09J5VJL5.uexp" 1126
"D:/Unreal/CrazyBingo/Content/CB/Level/BingoLevel/_Generated_/0EUSORW8DRQC5MTNS09J5VJL5.ubulk" 1127
"D:/Unreal/CrazyBingo/Content/CB/Level/BingoLevel/_Generated_/0EUSORW8DRQC5MTNS09J5VJL5.umap" 1128
"D:/Unreal/CrazyBingo/Content/CB/Level/BingoLevel/_Generated_/EQVEIIX9OVNTOPOCP3Q4VVNVQ.uexp" 1129
"D:/Unreal/CrazyBingo/Content/CB/Level/BingoLevel/_Generated_/EQVEIIX9OVNTOPOCP3Q4VVNVQ.ubulk" 1130
"D:/Unreal/CrazyBingo/Content/CB/Level/BingoLevel/_Generated_/EQVEIIX9OVNTOPOCP3Q4VVNVQ.umap" 1131
"D:/Unreal/CrazyBingo/Content/CB/Level/BingoLevel/_Generated_/CHGAPNT535RZPSZCJW3FLF657.uexp" 1132
"D:/Unreal/CrazyBingo/Content/CB/Level/BingoLevel/_Generated_/CHGAPNT535RZPSZCJW3FLF657.ubulk" 1133
"D:/Unreal/CrazyBingo/Content/CB/Level/BingoLevel/_Generated_/CHGAPNT535RZPSZCJW3FLF657.umap" 1134
"D:/Unreal/CrazyBingo/Content/CB/Level/BingoLevel/_Generated_/CJTYKO1X06APH82AS54IL2YXJ.uexp" 1135
"D:/Unreal/CrazyBingo/Content/CB/Level/BingoLevel/_Generated_/CJTYKO1X06APH82AS54IL2YXJ.ubulk" 1136
"D:/Unreal/CrazyBingo/Content/CB/Level/BingoLevel/_Generated_/CJTYKO1X06APH82AS54IL2YXJ.umap" 1137
"D:/Unreal/CrazyBingo/Content/CB/Level/BingoLevel/_Generated_/3OLN6IV3HSS3EZ1TT6MYOKRM5.uexp" 1138
"D:/Unreal/CrazyBingo/Content/CB/Level/BingoLevel/_Generated_/3OLN6IV3HSS3EZ1TT6MYOKRM5.ubulk" 1139
"D:/Unreal/CrazyBingo/Content/CB/Level/BingoLevel/_Generated_/3OLN6IV3HSS3EZ1TT6MYOKRM5.umap" 1140
"D:/Unreal/CrazyBingo/Content/CB/Level/BingoLevel/_Generated_/03F3Z4OV1GEI2JRR3KHAAIGTY.uexp" 1141
"D:/Unreal/CrazyBingo/Content/CB/Level/BingoLevel/_Generated_/03F3Z4OV1GEI2JRR3KHAAIGTY.ubulk" 1142
"D:/Unreal/CrazyBingo/Content/CB/Level/BingoLevel/_Generated_/03F3Z4OV1GEI2JRR3KHAAIGTY.umap" 1143
"D:/Unreal/CrazyBingo/Content/CB/Level/BingoLevel/_Generated_/4K5VD62P9403UEIVN1N8DZU01.uexp" 1144
"D:/Unreal/CrazyBingo/Content/CB/Level/BingoLevel/_Generated_/4K5VD62P9403UEIVN1N8DZU01.ubulk" 1145
"D:/Unreal/CrazyBingo/Content/CB/Level/BingoLevel/_Generated_/4K5VD62P9403UEIVN1N8DZU01.umap" 1146
"D:/Unreal/CrazyBingo/Content/CB/Level/BingoLevel/_Generated_/5TGUBKFB829AQ95A3M3S6P4FX.uexp" 1147
"D:/Unreal/CrazyBingo/Content/CB/Level/BingoLevel/_Generated_/5TGUBKFB829AQ95A3M3S6P4FX.ubulk" 1148
"D:/Unreal/CrazyBingo/Content/CB/Level/BingoLevel/_Generated_/5TGUBKFB829AQ95A3M3S6P4FX.umap" 1149
"D:/Unreal/CrazyBingo/Content/CB/Level/BingoLevel/_Generated_/26MZ7758MOL0T0G0BZHNGLU3H.uexp" 1150
"D:/Unreal/CrazyBingo/Content/CB/Level/BingoLevel/_Generated_/26MZ7758MOL0T0G0BZHNGLU3H.ubulk" 1151
"D:/Unreal/CrazyBingo/Content/CB/Level/BingoLevel/_Generated_/26MZ7758MOL0T0G0BZHNGLU3H.umap" 1152
"D:/Unreal/CrazyBingo/Content/CB/Level/BingoLevel/_Generated_/AAYEN608PVR2XFXJMIGMDIZHJ.uexp" 1153
"D:/Unreal/CrazyBingo/Content/CB/Level/BingoLevel/_Generated_/AAYEN608PVR2XFXJMIGMDIZHJ.ubulk" 1154
"D:/Unreal/CrazyBingo/Content/CB/Level/BingoLevel/_Generated_/AAYEN608PVR2XFXJMIGMDIZHJ.umap" 1155
"D:/Unreal/CrazyBingo/Content/CB/Level/BingoLevel/_Generated_/776LWSCKCIGPT64JN6AVTKE1T.uexp" 1156
"D:/Unreal/CrazyBingo/Content/CB/Level/BingoLevel/_Generated_/776LWSCKCIGPT64JN6AVTKE1T.ubulk" 1157
"D:/Unreal/CrazyBingo/Content/CB/Level/BingoLevel/_Generated_/776LWSCKCIGPT64JN6AVTKE1T.umap" 1158
"D:/Unreal/CrazyBingo/Content/CB/Level/BingoLevel/_Generated_/0RAVH0S3F036P5Z1MUJS6Q6FL.uexp" 1159
"D:/Unreal/CrazyBingo/Content/CB/Level/BingoLevel/_Generated_/0RAVH0S3F036P5Z1MUJS6Q6FL.ubulk" 1160
"D:/Unreal/CrazyBingo/Content/CB/Level/BingoLevel/_Generated_/0RAVH0S3F036P5Z1MUJS6Q6FL.umap" 1161
"D:/Unreal/CrazyBingo/Content/CB/Level/BingoLevel/_Generated_/97XNVDJSAHX51KO2CQWSBSIKV.uexp" 1162
"D:/Unreal/CrazyBingo/Content/CB/Level/BingoLevel/_Generated_/97XNVDJSAHX51KO2CQWSBSIKV.ubulk" 1163
"D:/Unreal/CrazyBingo/Content/CB/Level/BingoLevel/_Generated_/97XNVDJSAHX51KO2CQWSBSIKV.umap" 1164
"D:/Unreal/CrazyBingo/Content/CB/Level/BingoLevel/_Generated_/4HAI404FQ799O2Q1RD1LD8JKJ.uexp" 1165
"D:/Unreal/CrazyBingo/Content/CB/Level/BingoLevel/_Generated_/4HAI404FQ799O2Q1RD1LD8JKJ.ubulk" 1166
"D:/Unreal/CrazyBingo/Content/CB/Level/BingoLevel/_Generated_/4HAI404FQ799O2Q1RD1LD8JKJ.umap" 1167
"D:/Unreal/CrazyBingo/Content/CB/Level/BingoLevel/_Generated_/0IX5B5S5DAWCA21IJAAU95OV4.uexp" 1168
"D:/Unreal/CrazyBingo/Content/CB/Level/BingoLevel/_Generated_/0IX5B5S5DAWCA21IJAAU95OV4.ubulk" 1169
"D:/Unreal/CrazyBingo/Content/CB/Level/BingoLevel/_Generated_/0IX5B5S5DAWCA21IJAAU95OV4.umap" 1170
"D:/Unreal/CrazyBingo/Content/CB/Level/BingoLevel/_Generated_/AELRUFOTRYHWFH3F9F8A08WO7.uexp" 1171
"D:/Unreal/CrazyBingo/Content/CB/Level/BingoLevel/_Generated_/AELRUFOTRYHWFH3F9F8A08WO7.ubulk" 1172
"D:/Unreal/CrazyBingo/Content/CB/Level/BingoLevel/_Generated_/AELRUFOTRYHWFH3F9F8A08WO7.umap" 1173
"D:/Unreal/CrazyBingo/Content/CB/Level/BingoLevel/_Generated_/2W4A42VX4OF8D0TYCLPJ1HB81.uexp" 1174
"D:/Unreal/CrazyBingo/Content/CB/Level/BingoLevel/_Generated_/2W4A42VX4OF8D0TYCLPJ1HB81.ubulk" 1175
"D:/Unreal/CrazyBingo/Content/CB/Level/BingoLevel/_Generated_/2W4A42VX4OF8D0TYCLPJ1HB81.umap" 1176
"D:/Unreal/CrazyBingo/Content/CB/Level/BingoLevel/_Generated_/4ECBF1T4HZXPWKI8TFS3K4337.uexp" 1177
"D:/Unreal/CrazyBingo/Content/CB/Level/BingoLevel/_Generated_/4ECBF1T4HZXPWKI8TFS3K4337.ubulk" 1178
"D:/Unreal/CrazyBingo/Content/CB/Level/BingoLevel/_Generated_/4ECBF1T4HZXPWKI8TFS3K4337.umap" 1179
"D:/Unreal/CrazyBingo/Content/CB/Level/BingoLevel/_Generated_/45BSMDK3RFW0NG3EDCQYEF5NG.uexp" 1180
"D:/Unreal/CrazyBingo/Content/CB/Level/BingoLevel/_Generated_/45BSMDK3RFW0NG3EDCQYEF5NG.ubulk" 1181
"D:/Unreal/CrazyBingo/Content/CB/Level/BingoLevel/_Generated_/45BSMDK3RFW0NG3EDCQYEF5NG.umap" 1182
"D:/Unreal/CrazyBingo/Content/CB/Level/BingoLevel/_Generated_/01UM2CQKJK5YRG2ZBXFIDGKL7.uexp" 1183
"D:/Unreal/CrazyBingo/Content/CB/Level/BingoLevel/_Generated_/01UM2CQKJK5YRG2ZBXFIDGKL7.ubulk" 1184
"D:/Unreal/CrazyBingo/Content/CB/Level/BingoLevel/_Generated_/01UM2CQKJK5YRG2ZBXFIDGKL7.umap" 1185
"D:/Unreal/CrazyBingo/Content/CB/Level/BingoLevel/_Generated_/AEAA7UERJEC5TTO2XU944J30R.uexp" 1186
"D:/Unreal/CrazyBingo/Content/CB/Level/BingoLevel/_Generated_/AEAA7UERJEC5TTO2XU944J30R.ubulk" 1187
"D:/Unreal/CrazyBingo/Content/CB/Level/BingoLevel/_Generated_/AEAA7UERJEC5TTO2XU944J30R.umap" 1188
"D:/Unreal/CrazyBingo/Content/CB/Level/BingoLevel/_Generated_/AX0ALQFHOKW4QG6GQ7XY8C50L.uexp" 1189
"D:/Unreal/CrazyBingo/Content/CB/Level/BingoLevel/_Generated_/AX0ALQFHOKW4QG6GQ7XY8C50L.ubulk" 1190
"D:/Unreal/CrazyBingo/Content/CB/Level/BingoLevel/_Generated_/AX0ALQFHOKW4QG6GQ7XY8C50L.umap" 1191
"D:/Unreal/CrazyBingo/Content/CB/Level/BingoLevel/_Generated_/4G1FPKM6C9CD10RSKZ1G1110S.uexp" 1192
"D:/Unreal/CrazyBingo/Content/CB/Level/BingoLevel/_Generated_/4G1FPKM6C9CD10RSKZ1G1110S.ubulk" 1193
"D:/Unreal/CrazyBingo/Content/CB/Level/BingoLevel/_Generated_/4G1FPKM6C9CD10RSKZ1G1110S.umap" 1194
"D:/Unreal/CrazyBingo/Content/CB/Level/BingoLevel/_Generated_/DE82LUHNV59FE3BWVB3JIP893.uexp" 1195
"D:/Unreal/CrazyBingo/Content/CB/Level/BingoLevel/_Generated_/DE82LUHNV59FE3BWVB3JIP893.ubulk" 1196
"D:/Unreal/CrazyBingo/Content/CB/Level/BingoLevel/_Generated_/DE82LUHNV59FE3BWVB3JIP893.umap" 1197
"D:/Unreal/CrazyBingo/Content/CB/Level/BingoLevel/_Generated_/9BNRGTS2DLSLKGAE3N819OLVY.uexp" 1198
"D:/Unreal/CrazyBingo/Content/CB/Level/BingoLevel/_Generated_/9BNRGTS2DLSLKGAE3N819OLVY.ubulk" 1199
"D:/Unreal/CrazyBingo/Content/CB/Level/BingoLevel/_Generated_/9BNRGTS2DLSLKGAE3N819OLVY.umap" 1200
"D:/Unreal/CrazyBingo/Content/CB/Level/BingoLevel/_Generated_/BGOOJT99ZT56SMU38B4KRZS5L.uexp" 1201
"D:/Unreal/CrazyBingo/Content/CB/Level/BingoLevel/_Generated_/BGOOJT99ZT56SMU38B4KRZS5L.ubulk" 1202
"D:/Unreal/CrazyBingo/Content/CB/Level/BingoLevel/_Generated_/BGOOJT99ZT56SMU38B4KRZS5L.umap" 1203
"D:/Unreal/CrazyBingo/Content/CB/Level/BingoLevel/_Generated_/0ZLRKD67CMGZX8IF8O0MPW8UG.uexp" 1204
"D:/Unreal/CrazyBingo/Content/CB/Level/BingoLevel/_Generated_/0ZLRKD67CMGZX8IF8O0MPW8UG.ubulk" 1205
"D:/Unreal/CrazyBingo/Content/CB/Level/BingoLevel/_Generated_/0ZLRKD67CMGZX8IF8O0MPW8UG.umap" 1206
"D:/Unreal/CrazyBingo/Content/CB/Level/BingoLevel/_Generated_/0AIGEB6VHNMCUW97YAPXV90LP.uexp" 1207
"D:/Unreal/CrazyBingo/Content/CB/Level/BingoLevel/_Generated_/0AIGEB6VHNMCUW97YAPXV90LP.ubulk" 1208
"D:/Unreal/CrazyBingo/Content/CB/Level/BingoLevel/_Generated_/0AIGEB6VHNMCUW97YAPXV90LP.umap" 1209
"D:/Unreal/CrazyBingo/Content/CB/Level/BingoLevel/_Generated_/A2KRBLSRFX4VBE2QW28T6JHVQ.uexp" 1210
"D:/Unreal/CrazyBingo/Content/CB/Level/BingoLevel/_Generated_/A2KRBLSRFX4VBE2QW28T6JHVQ.ubulk" 1211
"D:/Unreal/CrazyBingo/Content/CB/Level/BingoLevel/_Generated_/A2KRBLSRFX4VBE2QW28T6JHVQ.umap" 1212
"D:/Unreal/CrazyBingo/Content/CB/Level/BingoLevel/_Generated_/0ZAELWFB69MQNVRJ93X289EYF.uexp" 1213
"D:/Unreal/CrazyBingo/Content/CB/Level/BingoLevel/_Generated_/0ZAELWFB69MQNVRJ93X289EYF.ubulk" 1214
"D:/Unreal/CrazyBingo/Content/CB/Level/BingoLevel/_Generated_/0ZAELWFB69MQNVRJ93X289EYF.umap" 1215
"D:/Unreal/CrazyBingo/Content/CB/Level/BingoLevel/_Generated_/3P0QEWWG2NTBRW1TJ1PI86TEH.uexp" 1216
"D:/Unreal/CrazyBingo/Content/CB/Level/BingoLevel/_Generated_/3P0QEWWG2NTBRW1TJ1PI86TEH.ubulk" 1217
"D:/Unreal/CrazyBingo/Content/CB/Level/BingoLevel/_Generated_/3P0QEWWG2NTBRW1TJ1PI86TEH.umap" 1218
"D:/Unreal/CrazyBingo/Content/CB/Level/BingoLevel/_Generated_/4ADSKAVWUCK3AWODA6NIEYUP2.uexp" 1219
"D:/Unreal/CrazyBingo/Content/CB/Level/BingoLevel/_Generated_/4ADSKAVWUCK3AWODA6NIEYUP2.ubulk" 1220
"D:/Unreal/CrazyBingo/Content/CB/Level/BingoLevel/_Generated_/4ADSKAVWUCK3AWODA6NIEYUP2.umap" 1221
"D:/Unreal/CrazyBingo/Content/CB/Level/BingoLevel/_Generated_/EYFDPOUS21EYS4GX8QZQ1HL51.uexp" 1222
"D:/Unreal/CrazyBingo/Content/CB/Level/BingoLevel/_Generated_/EYFDPOUS21EYS4GX8QZQ1HL51.ubulk" 1223
"D:/Unreal/CrazyBingo/Content/CB/Level/BingoLevel/_Generated_/EYFDPOUS21EYS4GX8QZQ1HL51.umap" 1224
"D:/Unreal/CrazyBingo/Content/CB/Level/BingoLevel/_Generated_/8COUZKFUDVQ9YUCQ3CB1VF468.uexp" 1225
"D:/Unreal/CrazyBingo/Content/CB/Level/BingoLevel/_Generated_/8COUZKFUDVQ9YUCQ3CB1VF468.ubulk" 1226
"D:/Unreal/CrazyBingo/Content/CB/Level/BingoLevel/_Generated_/8COUZKFUDVQ9YUCQ3CB1VF468.umap" 1227
"D:/Unreal/CrazyBingo/Content/CB/Level/BingoLevel/_Generated_/60PNOLYY70YNAX3A64E2TK524.uexp" 1228
"D:/Unreal/CrazyBingo/Content/CB/Level/BingoLevel/_Generated_/60PNOLYY70YNAX3A64E2TK524.ubulk" 1229
"D:/Unreal/CrazyBingo/Content/CB/Level/BingoLevel/_Generated_/60PNOLYY70YNAX3A64E2TK524.umap" 1230
"D:/Unreal/CrazyBingo/Content/CB/Level/BingoLevel/_Generated_/CCEFL5CH91CYD354MQG950B03.uexp" 1231
"D:/Unreal/CrazyBingo/Content/CB/Level/BingoLevel/_Generated_/CCEFL5CH91CYD354MQG950B03.ubulk" 1232
"D:/Unreal/CrazyBingo/Content/CB/Level/BingoLevel/_Generated_/CCEFL5CH91CYD354MQG950B03.umap" 1233
"D:/Unreal/CrazyBingo/Content/CB/Level/BingoLevel/_Generated_/29IQVXRRL012ZHE7X4RJ4D29P.uexp" 1234
"D:/Unreal/CrazyBingo/Content/CB/Level/BingoLevel/_Generated_/29IQVXRRL012ZHE7X4RJ4D29P.ubulk" 1235
"D:/Unreal/CrazyBingo/Content/CB/Level/BingoLevel/_Generated_/29IQVXRRL012ZHE7X4RJ4D29P.umap" 1236
"D:/Unreal/CrazyBingo/Content/CB/Level/BingoLevel/_Generated_/9UC12HCQDHYHHWJ9C9R75S6GP.uexp" 1237
"D:/Unreal/CrazyBingo/Content/CB/Level/BingoLevel/_Generated_/9UC12HCQDHYHHWJ9C9R75S6GP.ubulk" 1238
"D:/Unreal/CrazyBingo/Content/CB/Level/BingoLevel/_Generated_/9UC12HCQDHYHHWJ9C9R75S6GP.umap" 1239
